<?xml version="1.0" standalone="yes"?>
<mi:PackageInstaller xmlns:mi="http://www.composite.net/ns/management/packageinstaller/1.0">
	<mi:PackageRequirements minimumCompositeVersion="5.2.0.0" maximumCompositeVersion="9.9999.9999.9999" />
	<mi:PackageInformation name="Orckestra.ExperienceManagement.CategoryMerchandising" groupName="Orckestra.ExperienceManagement" version="3.15.0" author="Orckestra Inc." website="https://www.orckestra.com/" readMoreUrl="-" id="958fa270-b40f-492f-ac1f-b94be26aed7c"
						canBeUninstalled="false" systemLocking="hard" flushOnCompletion="true" reloadConsoleOnCompletion="true">
		<TechnicalDetails>-</TechnicalDetails>
		<Description>-</Description>
	</mi:PackageInformation>
	<mi:PackageFragmentInstallerBinaries>
		<mi:Add path="~\Bin\Orckestra.ExperienceManagement.CategoryMerchandising.dll" />
	</mi:PackageFragmentInstallerBinaries>	
	<mi:PackageFragmentInstallers>
		<mi:Add installerType="Composite.Core.PackageSystem.PackageFragmentInstallers.ConfigurationTransformationPackageFragmentInstaller, Composite" uninstallerType="Composite.Core.PackageSystem.PackageFragmentInstallers.ConfigurationTransformationPackageFragmentUninstaller, Composite">
			<Install xsltFilePath="~\Composite.config\Install.xsl" />
			<Uninstall xsltFilePath="~\Composite.config\Uninstall.xsl" />
		</mi:Add>
		<mi:Add installerType="Composite.Core.PackageSystem.PackageFragmentInstallers.FilePackageFragmentInstaller, Composite" uninstallerType="Composite.Core.PackageSystem.PackageFragmentInstallers.FilePackageFragmentUninstaller, Composite">
			<Files>
				<File sourceFilename="~\Bin\Orckestra.ExperienceManagement.CategoryMerchandising.dll" 
							targetFilename="~\Bin\Orckestra.ExperienceManagement.CategoryMerchandising.dll" allowOverwrite="true" />

				<File sourceFilename="~\Composite\InstalledPackages\content\forms\Orckestra.ExperienceManagement\AddCategoryPage.xml"
							targetFilename="~\Composite\InstalledPackages\content\forms\Orckestra.ExperienceManagement\AddCategoryPage.xml" allowOverwrite="true" />

				<File sourceFilename="~\Composite\InstalledPackages\localization\Orckestra.ExperienceManagement.CategoryMerchandising.en-US.xml"
							targetFilename="~\Composite\InstalledPackages\localization\Orckestra.ExperienceManagement.CategoryMerchandising.en-US.xml" allowOverwrite="true" />
							
				<File sourceFilename="~\Composite\InstalledPackages\localization\Orckestra.ExperienceManagement.CategoryMerchandising.fr-FR.xml"
							targetFilename="~\Composite\InstalledPackages\localization\Orckestra.ExperienceManagement.CategoryMerchandising.fr-FR.xml" allowOverwrite="true" />
			</Files>
			<Directories>
			</Directories>
		</mi:Add>

		<mi:Add installerType="Composite.Core.PackageSystem.PackageFragmentInstallers.DllPackageFragmentInstaller, Composite" uninstallerType="Composite.Core.PackageSystem.PackageFragmentInstallers.DllPackageFragmentUninstaller, Composite">
			<Files>
				<File sourceFilename="~\Bin\Microsoft.ServiceBus.dll"
							targetFilename="~\Bin\Microsoft.ServiceBus.dll" allowOverwrite="true" />
			</Files>
		</mi:Add>

	</mi:PackageFragmentInstallers>
</mi:PackageInstaller>