<?xml version="1.0" standalone="yes"?>
<mi:PackageInstaller xmlns:mi="http://www.composite.net/ns/management/packageinstaller/1.0">
	<mi:PackageRequirements minimumCompositeVersion="6.0.0.0" maximumCompositeVersion="9.9999.9999.9999" />
	<mi:PackageInformation name="Orckestra.Forms.FormBuilder" groupName="Orckestra.Forms" version="1.3.3" author="Orckestra A/S" website="https://c1.orckestra.com/" readMoreUrl="https://c1.orckestra.com/Add-ons/All/Orckestra.Forms.FormBuilder" id="b540f296-420d-44ef-b83e-d067850b2381" canBeUninstalled="true" systemLocking="hard" flushOnCompletion="true" reloadConsoleOnCompletion="true">
		<TechnicalDetails>-</TechnicalDetails>
		<Description>Allows you to build input forms on pages to collect date from visitors using visual tools.</Description>
	</mi:PackageInformation>
	<mi:PackageFragmentInstallerBinaries />
	<mi:PackageFragmentInstallers>
    <mi:Add installerType="Composite.Core.PackageSystem.PackageFragmentInstallers.PackageLicenseFragmentInstaller, Composite" uninstallerType="Composite.Core.PackageSystem.PackageFragmentInstallers.PackageLicenseFragmentUninstaller, Composite">
      <RSAKeyValue>
        <Modulus>uAbSvVwlt2Z1oCbKIFy8aqx4Lh+MTB4af2w3OvoB6f5tKxepwnNTXMGmK1Rn853VPzZ0gEckzTQQKh+9qdyoZSe/4ifEAXQZehNbpEniojqWL6qvK203mUV3isdMwW401F2OC+NQxZMBh0yFPNzi8HWClPyr4xkIszpRovjPpUk=</Modulus>
        <Exponent>AQAB</Exponent>
      </RSAKeyValue>
    </mi:Add>
    <mi:Add installerType="Composite.Core.PackageSystem.PackageFragmentInstallers.FilePackageFragmentInstaller, Composite" uninstallerType="Composite.Core.PackageSystem.PackageFragmentInstallers.FilePackageFragmentUninstaller, Composite">
			<Files>
				<File sourceFilename="~\App_Data\Composite\Configuration\Composite.Forms.FormBuilder.xml" targetFilename="~\App_Data\Composite\Configuration\Composite.Forms.FormBuilder.xml" allowOverwrite="false" />
				<File sourceFilename="~\Composite\InstalledPackages\localization\Composite.Forms.FormBuilder.en-us.xml" targetFilename="~\Composite\InstalledPackages\localization\Composite.Forms.FormBuilder.en-us.xml" allowOverwrite="false" />
        <File sourceFilename="~\Composite\InstalledPackages\localization\Composite.Forms.FormBuilder.fr-FR.xml" targetFilename="~\Composite\InstalledPackages\localization\Composite.Forms.FormBuilder.fr-FR.xml" allowOverwrite="false" />
				<File sourceFilename="~\Bin\Composite.Forms.FormBuilder.dll" targetFilename="~\Bin\Composite.Forms.FormBuilder.dll" allowOverwrite="false" assemblyLoad="true" />
        <File sourceFilename="~\App_GlobalResources\Composite\Forms\FormBuilder.resx" targetFilename="~\App_GlobalResources\Composite\Forms\FormBuilder.resx" allowOverwrite="false" />
				<File sourceFilename="~\App_Data\Components\Orckestra\Forms\FormBuilder.xml" targetFilename="~\App_Data\Components\Orckestra\Forms\FormBuilder.xml" allowOverwrite="false" />
			</Files>
			<Directories>
				<Directory sourceDirectory="~\App_Data\Razor\Composite\Forms\FormBuilder\" targetDirectory="~\App_Data\Razor\Composite\Forms\FormBuilder\" allowOverwrite="true" deleteTargetDirectory="false" />
				<Directory sourceDirectory="~\Composite\InstalledPackages\content\views\Composite.Forms.FormBuilder\" targetDirectory="~\Composite\InstalledPackages\content\views\Composite.Forms.FormBuilder\" allowOverwrite="true" deleteTargetDirectory="false" />
				<Directory sourceDirectory="~\Frontend\Composite\Forms\FormBuilder\" targetDirectory="~\Frontend\Composite\Forms\FormBuilder\" allowOverwrite="true" deleteTargetDirectory="false" />
			</Directories>
		</mi:Add>
    <mi:Add installerType="Composite.Core.PackageSystem.PackageFragmentInstallers.ConfigurationTransformationPackageFragmentInstaller, Composite" uninstallerType="Composite.Core.PackageSystem.PackageFragmentInstallers.ConfigurationTransformationPackageFragmentUninstaller, Composite">
      <Install xsltFilePath="~\Composite.config\Install.xsl" />
      <Uninstall xsltFilePath="~\Composite.config\Uninstall.xsl" />
    </mi:Add>
    <mi:Add installerType="Composite.Core.PackageSystem.PackageFragmentInstallers.DllPackageFragmentInstaller, Composite" uninstallerType="Composite.Core.PackageSystem.PackageFragmentInstallers.DllPackageFragmentUninstaller, Composite">
      <Files>
        <File sourceFilename="~\Bin\ICSharpCode.SharpZipLib.dll" targetFilename="~\Bin\ICSharpCode.SharpZipLib.dll"
              allowOverwrite="true" />
        <File sourceFilename="~\Bin\Microsoft.WindowsAzure.Storage.dll" targetFilename="~\Bin\Microsoft.WindowsAzure.Storage.dll"
             allowOverwrite="true" />
      </Files>
    </mi:Add>
  </mi:PackageFragmentInstallers>
</mi:PackageInstaller>