<?xml version="1.0" standalone="yes"?>
<mi:PackageInstaller xmlns:mi="http://www.composite.net/ns/management/packageinstaller/1.0">
	<mi:PackageRequirements minimumCompositeVersion="5.0.5827.21806" maximumCompositeVersion="9.9999.9999.9999" />
	<mi:PackageInformation name="Orckestra.Web.Html.TeaserCards" groupName="Orckestra.Web" version="1.0.7" author="Orckestra A/S" website="https://c1.orckestra.com/" readMoreUrl="http://docs.c1.orckestra.com/Orckestra.Web.Html.TeaserCards" id="3cc59684-bd70-4ce9-a444-b9b102b018fe" canBeUninstalled="true" systemLocking="hard" flushOnCompletion="true">
		<TechnicalDetails>Requires the Orckestra.Web.Html.FontAwesome package. To display teasers in columns, use the Orckestra.Web.Html.Grid.Columns package.</TechnicalDetails>
		<Description>Displays Teaser Cards on a page.</Description>
	</mi:PackageInformation>
	<mi:PackageFragmentInstallerBinaries />
	<mi:PackageFragmentInstallers>
		<mi:Add installerType="Composite.Core.PackageSystem.PackageFragmentInstallers.FilePackageFragmentInstaller, Composite" uninstallerType="Composite.Core.PackageSystem.PackageFragmentInstallers.FilePackageFragmentUninstaller, Composite">
			<Files>
			</Files>
			<Directories>
				<Directory sourceDirectory="~\App_Data\Razor\Orckestra\Web\Html\TeaserCards\" targetDirectory="~\App_Data\Razor\Orckestra\Web\Html\TeaserCards\" allowOverwrite="true" deleteTargetDirectory="false" />
				<Directory sourceDirectory="~\Frontend\Orckestra\Web\Html\TeaserCards\" targetDirectory="~\Frontend\Orckestra\Web\Html\TeaserCards\" allowOverwrite="true" deleteTargetDirectory="false" />
				<Directory sourceDirectory="~\App_Data\Components\Orckestra\Web\Html\TeaserCards\" targetDirectory="~\App_Data\Components\Orckestra\Web\Html\TeaserCards\" allowOverwrite="true" deleteTargetDirectory="false" />
			</Directories>
		</mi:Add>
		<mi:Add installerType="Composite.Core.PackageSystem.PackageFragmentInstallers.DataPackageFragmentInstaller, Composite" uninstallerType="Composite.Core.PackageSystem.PackageFragmentInstallers.DataPackageFragmentUninstaller, Composite">
			<Types>
			</Types>
		</mi:Add>
	</mi:PackageFragmentInstallers>
</mi:PackageInstaller>