﻿<?xml version="1.0" encoding="utf-8"?>
<Data>
  <Add Id="4728cd28-6794-4aed-9b06-6532b28f228e" DisplayName="Women" Url="~/page(0aeabf8f-f298-5c02-b45a-fb639781cd8d)" Order="1"    PublicationStatus="published" PageId="f3dbd28d-365f-4d3e-91c3-7b730b39b294" SourceCultureName="en-CA" Target="af376149-073a-41d9-8f24-8c0b6b1ce4d8" />
  <Add Id="eb34f61d-5ba8-4e79-9803-78b14efcf8d6" DisplayName="Men" Url="~/page(8e07355a-1772-5da5-b49f-8148f5a46ae3)" Order="1"    PublicationStatus="published" PageId="f3dbd28d-365f-4d3e-91c3-7b730b39b294" SourceCultureName="en-CA" Target="af376149-073a-41d9-8f24-8c0b6b1ce4d8"/>
  <Add Id="62bcf890-7e49-4c37-b1e4-af1afe38a3c2" DisplayName="Shoes" Url="~/page(656fbe00-424c-5f08-aaa1-9b0e118ec13c)" Order="1" ParentId="eb34f61d-5ba8-4e79-9803-78b14efcf8d6"    PublicationStatus="published" PageId="f3dbd28d-365f-4d3e-91c3-7b730b39b294" SourceCultureName="en-CA" Target="af376149-073a-41d9-8f24-8c0b6b1ce4d8" />
  <Add Id="536b599e-5fa6-4654-a665-cb831ef5ce1c" DisplayName="Boots" Url="/men/shoes?&amp;fn1=ShoeType&amp;fv1=Boots" Order="1" ParentId="62bcf890-7e49-4c37-b1e4-af1afe38a3c2"    PublicationStatus="published" PageId="f3dbd28d-365f-4d3e-91c3-7b730b39b294" SourceCultureName="en-CA" Target="af376149-073a-41d9-8f24-8c0b6b1ce4d8"/>
  <Add Id="799f7a54-9e46-4ecf-af66-fd8f14acc270" DisplayName="Shirts" Url="~/page(55125675-6d42-5d14-b590-0017c1cf07ef)" Order="1" ParentId="eb34f61d-5ba8-4e79-9803-78b14efcf8d6"    PublicationStatus="published" PageId="f3dbd28d-365f-4d3e-91c3-7b730b39b294" SourceCultureName="en-CA" Target="af376149-073a-41d9-8f24-8c0b6b1ce4d8"/>
  <Add Id="8db0581e-7b00-44b4-9ebe-d8db8338cbf0" DisplayName="Women's Dresses" Url="~/page(cdd87acf-80a3-5ff6-ab7e-3905ad1f074c)" Order="1" ParentId="4728cd28-6794-4aed-9b06-6532b28f228e"    PublicationStatus="published" PageId="f3dbd28d-365f-4d3e-91c3-7b730b39b294" SourceCultureName="en-CA" Target="af376149-073a-41d9-8f24-8c0b6b1ce4d8"/>
  <Add Id="a244a2b9-9d7d-4520-832d-2820521846ef" DisplayName="Pants &amp; Leggings" Url="~/page(dae7987d-360d-56de-a7d2-8efc15e02611)" Order="1" ParentId="4728cd28-6794-4aed-9b06-6532b28f228e"    PublicationStatus="published" PageId="f3dbd28d-365f-4d3e-91c3-7b730b39b294" SourceCultureName="en-CA" Target="af376149-073a-41d9-8f24-8c0b6b1ce4d8"/>
  <Add Id="e12a25cb-ca87-4a4d-b2db-631e668bb768" DisplayName="Fall wear" Url="/women/pants-leggings?&amp;fn1=SeasonWear&amp;fv1=Fall+wear" Order="1" ParentId="a244a2b9-9d7d-4520-832d-2820521846ef"    PublicationStatus="published" PageId="f3dbd28d-365f-4d3e-91c3-7b730b39b294" SourceCultureName="en-CA" Target="af376149-073a-41d9-8f24-8c0b6b1ce4d8"/>
  <Add Id="ec61fe9e-cc7b-4973-a2a9-435f2a34b772" DisplayName="Dress Shirt" Url="/men/shirts?&amp;fn1=ShirtType&amp;fv1=Dress+shirt" Order="1" ParentId="799f7a54-9e46-4ecf-af66-fd8f14acc270"    PublicationStatus="published" PageId="f3dbd28d-365f-4d3e-91c3-7b730b39b294" SourceCultureName="en-CA" Target="af376149-073a-41d9-8f24-8c0b6b1ce4d8"/>
  <Add Id="0b5ba2da-8eec-4443-b5a8-22f9308fbe2c" DisplayName="Activewear" Url="~/page(81ab9811-b137-5602-b1c6-74ec8c25550b)" Order="1" ParentId="eb34f61d-5ba8-4e79-9803-78b14efcf8d6"    PublicationStatus="published" PageId="f3dbd28d-365f-4d3e-91c3-7b730b39b294" SourceCultureName="en-CA" Target="af376149-073a-41d9-8f24-8c0b6b1ce4d8"/>
  <Add Id="776f1891-c21f-482b-9a68-3000dd4c1328" DisplayName="Winter wear" Url="/men/activewear?&amp;fn1=SeasonWear&amp;fv1=Winter+wear" Order="1" ParentId="0b5ba2da-8eec-4443-b5a8-22f9308fbe2c"    PublicationStatus="published" PageId="f3dbd28d-365f-4d3e-91c3-7b730b39b294" SourceCultureName="en-CA" Target="af376149-073a-41d9-8f24-8c0b6b1ce4d8"/>
  <Add Id="1e9665ce-faeb-42c0-b383-092b23ad18f3" DisplayName="Polo" Url="/men/shirts?&amp;fn1=ShirtType&amp;fv1=Polo" Order="1" ParentId="799f7a54-9e46-4ecf-af66-fd8f14acc270"    PublicationStatus="published" PageId="f3dbd28d-365f-4d3e-91c3-7b730b39b294" SourceCultureName="en-CA" Target="af376149-073a-41d9-8f24-8c0b6b1ce4d8"/>
  <Add Id="2ea37783-15dc-46a5-9d1e-9aa76279a803" DisplayName="Spring wear" Url="/women/pants-leggings?&amp;fn1=SeasonWear&amp;fv1=Spring+wear" Order="1" ParentId="a244a2b9-9d7d-4520-832d-2820521846ef"    PublicationStatus="published" PageId="f3dbd28d-365f-4d3e-91c3-7b730b39b294" SourceCultureName="en-CA" Target="af376149-073a-41d9-8f24-8c0b6b1ce4d8"/>
  <Add Id="a9c7bf4a-d48a-46b5-8d9f-77a398c72f36" DisplayName="Sport shoes" Url="/men/shoes?&amp;fn1=ShoeType&amp;fv1=Sport+shoes" Order="1" ParentId="62bcf890-7e49-4c37-b1e4-af1afe38a3c2"    PublicationStatus="published" PageId="f3dbd28d-365f-4d3e-91c3-7b730b39b294" SourceCultureName="en-CA" Target="af376149-073a-41d9-8f24-8c0b6b1ce4d8"/>
  <Add Id="8d47a595-a254-4815-9cdc-93166abb161f" DisplayName="Cocktail Dresses" Url="~/page(7351882a-93fc-546e-9005-7fa1784028e7)" Order="1" ParentId="8db0581e-7b00-44b4-9ebe-d8db8338cbf0"   PublicationStatus="published" PageId="f3dbd28d-365f-4d3e-91c3-7b730b39b294" SourceCultureName="en-CA" Target="af376149-073a-41d9-8f24-8c0b6b1ce4d8"/>
  <Add Id="127b5020-261a-4f13-a96e-7d3a713dac17" DisplayName="Summer wear" Url="/men/activewear?&amp;fn1=SeasonWear&amp;fv1=Summer+wear" Order="1" ParentId="0b5ba2da-8eec-4443-b5a8-22f9308fbe2c"    PublicationStatus="published" PageId="f3dbd28d-365f-4d3e-91c3-7b730b39b294" SourceCultureName="en-CA" Target="af376149-073a-41d9-8f24-8c0b6b1ce4d8"/>
</Data>

