﻿<?xml version="1.0" encoding="utf-8"?>
<Data>
  <Add Id="b3aba631-f426-4026-b2c2-b3197fcf3140" ParentId="f3dbd28d-365f-4d3e-91c3-7b730b39b294" LocalOrdering="0" />
  <Add Id="8cbbe0d2-6e2b-4364-ad60-5c89a27ad70a" ParentId="f3dbd28d-365f-4d3e-91c3-7b730b39b294" LocalOrdering="1" />
  <Add Id="c558dc03-a8cd-4793-9d15-11bca1474592" ParentId="f3dbd28d-365f-4d3e-91c3-7b730b39b294" LocalOrdering="2" />
  <Add Id="200eb67f-65fe-4dc1-92f1-1628efacaa54" ParentId="f3dbd28d-365f-4d3e-91c3-7b730b39b294" LocalOrdering="3" />
  <Add Id="be605ad2-54d0-43a8-a3fe-88546c70b890" ParentId="aa722e1e-d8c5-4a22-90a7-1d035972acfa" LocalOrdering="0" />
  <Add Id="eb5f4580-ff7d-4384-84c9-855a1e9508e0" ParentId="cf2c83d0-f72f-4d48-a856-fc9244bd4ca3" LocalOrdering="0" />
  <Add Id="01ad151e-fb67-4899-af29-be1a221fddc0" ParentId="cf2c83d0-f72f-4d48-a856-fc9244bd4ca3" LocalOrdering="1" />
  <Add Id="cf2c83d0-f72f-4d48-a856-fc9244bd4ca3" ParentId="aa722e1e-d8c5-4a22-90a7-1d035972acfa" LocalOrdering="1" />
  <Add Id="c4cc1194-0948-4f93-8a2e-519d78b66255" ParentId="add1bd26-ce89-4cc1-896c-ab5bbadf1c74" LocalOrdering="0" />
  <Add Id="add1bd26-ce89-4cc1-896c-ab5bbadf1c74" ParentId="aa722e1e-d8c5-4a22-90a7-1d035972acfa" LocalOrdering="2" />
  <Add Id="aa722e1e-d8c5-4a22-90a7-1d035972acfa" ParentId="f3dbd28d-365f-4d3e-91c3-7b730b39b294" LocalOrdering="4" />
  <Add Id="e90e0d35-de67-4e8a-a03e-52529cdb437f" ParentId="3ebe528c-199d-4da1-9e81-1d541541aaf4" LocalOrdering="0" />
  <Add Id="ec6d3c9c-6d05-4b0f-addd-4ee1ef86b69f" ParentId="3ebe528c-199d-4da1-9e81-1d541541aaf4" LocalOrdering="1" />
  <Add Id="571e734c-57a8-4d99-9c05-754bc1f31f2a" ParentId="3ebe528c-199d-4da1-9e81-1d541541aaf4" LocalOrdering="2" />
  <Add Id="6cb21c3a-d72f-4ef8-9ee7-a6046ba646b5" ParentId="3ebe528c-199d-4da1-9e81-1d541541aaf4" LocalOrdering="3" />
  <Add Id="b6284e71-394d-4e22-abf3-08afb0493745" ParentId="3ebe528c-199d-4da1-9e81-1d541541aaf4" LocalOrdering="4" />
  <Add Id="9171940c-a854-4db3-997b-793082e8030b" ParentId="3ebe528c-199d-4da1-9e81-1d541541aaf4" LocalOrdering="5" />
  <Add Id="4b6dcc4b-a1c0-4ed6-8ad4-fee97bb707a7" ParentId="3ebe528c-199d-4da1-9e81-1d541541aaf4" LocalOrdering="6" />
  <Add Id="3ebe528c-199d-4da1-9e81-1d541541aaf4" ParentId="f3dbd28d-365f-4d3e-91c3-7b730b39b294" LocalOrdering="5" />
  <Add Id="8f96397a-efeb-4490-b3b8-cd0132d2326e" ParentId="de35d3fb-8c85-4b3a-bdbb-5d57fb20e10e" LocalOrdering="0" />
  <Add Id="de35d3fb-8c85-4b3a-bdbb-5d57fb20e10e" ParentId="f3dbd28d-365f-4d3e-91c3-7b730b39b294" LocalOrdering="6" />
  <Add Id="d6264f2f-c475-41ef-acf4-9bd3f10da8b4" ParentId="84361534-86b5-4fc7-81d4-87542daed5b8" LocalOrdering="0" />
  <Add Id="84361534-86b5-4fc7-81d4-87542daed5b8" ParentId="f3dbd28d-365f-4d3e-91c3-7b730b39b294" LocalOrdering="7" />
  <Add Id="48d7be18-3954-4fd2-9e18-e11fa4407901" ParentId="a4d5e201-b70e-42d5-83fb-3b837613155c" LocalOrdering="0" />
  <Add Id="a4d5e201-b70e-42d5-83fb-3b837613155c" ParentId="f3dbd28d-365f-4d3e-91c3-7b730b39b294" LocalOrdering="8" />
  <Add Id="f3dbd28d-365f-4d3e-91c3-7b730b39b294" ParentId="00000000-0000-0000-0000-000000000000" LocalOrdering="0" />
  <Add Id="0ac9d403-ac27-468e-94ac-9f70bfefd063" ParentId="978f8144-460b-4bf5-832a-9c6d1d08d27b" LocalOrdering="0" />
  <Add Id="63fc5bc5-55b2-4446-af33-fa3c84604875" ParentId="978f8144-460b-4bf5-832a-9c6d1d08d27b" LocalOrdering="1" />
  <Add Id="978f8144-460b-4bf5-832a-9c6d1d08d27b" ParentId="f3dbd28d-365f-4d3e-91c3-7b730b39b294" LocalOrdering="11" />
  <Add Id="7f2d9118-b941-46ea-862d-808d4bd0052a" ParentId="f3dbd28d-365f-4d3e-91c3-7b730b39b294" LocalOrdering="12" />
  <Add Id="09625722-6d35-4c8d-a374-203167f887e5" ParentId="aa722e1e-d8c5-4a22-90a7-1d035972acfa" LocalOrdering="3" />
  <Add Id="d52af03f-d5c9-4d8d-aa5c-917982ea112c" ParentId="f3dbd28d-365f-4d3e-91c3-7b730b39b294" LocalOrdering="12" />
</Data>