<?xml version="1.0" standalone="yes"?>
<mi:PackageInstaller xmlns:mi="http://www.composite.net/ns/management/packageinstaller/1.0">
	<mi:PackageRequirements minimumCompositeVersion="6.1.6323.0" maximumCompositeVersion="9.9999.9999.9999" />
	<mi:PackageInformation name="Orckestra.Search.LuceneNET" groupName="Orckestra.Search" version="1.1.8" 
				author="Orckestra A/S" website="https://c1.orckestra.com" readMoreUrl="https://docs.c1.orckestra.com/Orckestra.Search.LuceneNET" 
				id="62a2e5bd-b54f-4d3c-8dfd-70fbb7902285" canBeUninstalled="true" systemLocking="hard" 
				flushOnCompletion="true" reloadConsoleOnCompletion="true">
		<TechnicalDetails>-</TechnicalDetails>
		<Description>Contains Lucene.NET implementation of content search in console as well as provides search api to use on frontend.</Description>
	</mi:PackageInformation>
	
	<mi:PackageFragmentInstallerBinaries>
		<mi:Add path="~\Bin\Orckestra.Search.dll" />
	</mi:PackageFragmentInstallerBinaries>
		
	<mi:PackageFragmentInstallers>
		<mi:Add installerType="Composite.Core.PackageSystem.PackageFragmentInstallers.FilePackageFragmentInstaller, Composite" uninstallerType="Composite.Core.PackageSystem.PackageFragmentInstallers.FilePackageFragmentUninstaller, Composite">
			<Files>
				<File sourceFilename="~\Bin\C5.dll" targetFilename="~\bin\C5.dll" allowOverwrite="false" />
				<File sourceFilename="~\Bin\Common.Logging.Core.dll" targetFilename="~\bin\Common.Logging.Core.dll" allowOverwrite="false" />
				<File sourceFilename="~\Bin\Lucene.Net.dll" targetFilename="~\bin\Lucene.Net.dll" allowOverwrite="false" />
				<File sourceFilename="~\Bin\Lucene.Net.Contrib.Analyzers.dll" targetFilename="~\bin\Lucene.Net.Contrib.Analyzers.dll" allowOverwrite="false" />
				<File sourceFilename="~\Bin\Lucene.Net.Contrib.Snowball.dll" targetFilename="~\bin\Lucene.Net.Contrib.Snowball.dll" allowOverwrite="false" />
				<File sourceFilename="~\Bin\Lucene.Net.Contrib.Memory.dll" targetFilename="~\bin\Lucene.Net.Contrib.Memory.dll" allowOverwrite="false" />
				<File sourceFilename="~\Bin\Lucene.Net.Contrib.Highlighter.dll" targetFilename="~\bin\Lucene.Net.Contrib.Highlighter.dll" allowOverwrite="false" />
				<File sourceFilename="~\Bin\Common.Logging.dll" targetFilename="~\bin\Common.Logging.dll" allowOverwrite="false" />
				<File sourceFilename="~\Bin\BoboBrowse.Net.dll" targetFilename="~\bin\BoboBrowse.Net.dll" allowOverwrite="false" />
				
				<File sourceFilename="~\Bin\Orckestra.Search.dll" targetFilename="~\bin\Orckestra.Search.dll" allowOverwrite="true" />
				<File sourceFilename="~\Bin\Orckestra.Search.LuceneNET.dll" targetFilename="~\bin\Orckestra.Search.LuceneNET.dll" allowOverwrite="true" />
			</Files>
		</mi:Add>

		<mi:Add installerType="Composite.Core.PackageSystem.PackageFragmentInstallers.DllPackageFragmentInstaller, Composite" uninstallerType="Composite.Core.PackageSystem.PackageFragmentInstallers.DllPackageFragmentUninstaller, Composite">
			<Files>
				<File sourceFilename="~\Bin\ICSharpCode.SharpZipLib.dll" targetFilename="~\bin\ICSharpCode.SharpZipLib.dll" allowOverwrite="true" />
			</Files>
		</mi:Add>

		<mi:Add installerType="Composite.Core.PackageSystem.PackageFragmentInstallers.ConfigurationTransformationPackageFragmentInstaller, Composite" uninstallerType="Composite.Core.PackageSystem.PackageFragmentInstallers.ConfigurationTransformationPackageFragmentUninstaller, Composite">
			<Install xsltFilePath="~\Composite.config\Install.xsl" />
			<Uninstall xsltFilePath="~\Composite.config\Uninstall.xsl" />
		</mi:Add>

		<mi:Add installerType="Orckestra.Search.Package.AddDefaultUserGroupPermissionsInstaller, Orckestra.Search" 
						uninstallerType="Orckestra.Search.Package.AddDefaultUserGroupPermissionsUninstaller, Orckestra.Search" />

	</mi:PackageFragmentInstallers>
</mi:PackageInstaller>