<?xml version="1.0" standalone="yes"?>
<mi:PackageInstaller xmlns:mi="http://www.composite.net/ns/management/packageinstaller/1.0">
	<mi:PackageRequirements minimumCompositeVersion="5.0" maximumCompositeVersion="9.9999.9999.9999" />
	<mi:PackageInformation name="Orckestra.ExperienceManagement.QueryBuilder" groupName="Orckestra.ExperienceManagement" version="3.20" author="Orckestra " website="https://orckestra.com/" readMoreUrl="https://orckestra.com/" id="7020b656-e993-4dfa-bfd8-e6dc000e3ca6" canBeUninstalled="true" systemLocking="hard" flushOnCompletion="true" allowOverwrite="false" reloadConsoleOnCompletion="true">
		<TechnicalDetails>Query Builder</TechnicalDetails>
		<Description>Query Builder</Description>
	</mi:PackageInformation>
	<mi:PackageFragmentInstallerBinaries>
		<mi:Add path="~\Bin\Orckestra.ExperienceManagement.SearchQuery.dll" />
		<mi:Add path="~\Bin\Orckestra.ExperienceManagement.SearchQueryBuilder.dll" />
	</mi:PackageFragmentInstallerBinaries>
	<mi:PackageFragmentInstallers>
		<mi:Add installerType="Composite.Core.PackageSystem.PackageFragmentInstallers.ConfigurationTransformationPackageFragmentInstaller, Composite" uninstallerType="Composite.Core.PackageSystem.PackageFragmentInstallers.ConfigurationTransformationPackageFragmentUninstaller, Composite">
			<Install xsltFilePath="~\Composite.config\Install.xsl" />
			<Uninstall xsltFilePath="~\Composite.config\Uninstall.xsl" />
		</mi:Add>
		<mi:Add installerType="Composite.Core.PackageSystem.PackageFragmentInstallers.FilePackageFragmentInstaller, Composite" uninstallerType="Composite.Core.PackageSystem.PackageFragmentInstallers.FilePackageFragmentUninstaller, Composite">
			<Files>
				<File sourceFilename="~\Composite\InstalledPackages\localization\Orckestra.ExperienceManagement.SearchQueryBuilder.en-US.xml" targetFilename="~\Composite\InstalledPackages\localization\Orckestra.ExperienceManagement.SearchQueryBuilder.en-US.xml" allowOverwrite="false" />
				<File sourceFilename="~\Composite\InstalledPackages\localization\Orckestra.ExperienceManagement.SearchQueryBuilder.fr-FR.xml" targetFilename="~\Composite\InstalledPackages\localization\Orckestra.ExperienceManagement.SearchQueryBuilder.fr-FR.xml" allowOverwrite="false" />
				<File sourceFilename="~\UI.Package\Templates\SearchQueryTopResults.hbs" targetFilename="~\UI.Package\Templates\SearchQueryTopResults.hbs" allowOverwrite="false" />
				<File sourceFilename="~\App_Data\Components\Merchandising Queries\Grid.xml" targetFilename="~\App_Data\Components\Merchandising Queries\Grid.xml" allowOverwrite="false" />
				<File sourceFilename="~\App_Data\Components\Merchandising Queries\Top.xml" targetFilename="~\App_Data\Components\Merchandising Queries\Top.xml" allowOverwrite="false" />
				<File sourceFilename="~\App_Data\Razor\Composer\Components\Queries\Merchandising\Generic\Top.cshtml" targetFilename="~\App_Data\Razor\Composer\Components\Queries\Merchandising\Generic\Top.cshtml" allowOverwrite="false" />
				<File sourceFilename="~\App_Data\Razor\Composer\Queries\Merchandising\Grid.cshtml" targetFilename="~\App_Data\Razor\Composer\Queries\Merchandising\Grid.cshtml" allowOverwrite="false" />
				<File sourceFilename="~\App_Data\Razor\Composer\Queries\ProductSet\Grid.cshtml" targetFilename="~\App_Data\Razor\Composer\Queries\ProductSet\Grid.cshtml" allowOverwrite="false" />
				<File sourceFilename="~\App_Data\Components\Product Sets\Grid.xml" targetFilename="~\App_Data\Components\Product Sets\Grid.xml" allowOverwrite="false" />
				<File sourceFilename="~\App_Data\Components\Product Sets\Top.xml" targetFilename="~\App_Data\Components\Product Sets\Top.xml" allowOverwrite="false" />
				<File sourceFilename="~\Bin\Orckestra.ExperienceManagement.SearchQuery.dll" targetFilename="~\bin\Orckestra.ExperienceManagement.SearchQuery.dll" allowOverwrite="false" />
				<File sourceFilename="~\Bin\Orckestra.ExperienceManagement.SearchQueryBuilder.dll" targetFilename="~\Bin\Orckestra.ExperienceManagement.SearchQueryBuilder.dll" allowOverwrite="false" />
			</Files>
			<Directories>
				<Directory sourceDirectory="~\Composite\InstalledPackages\ExperienceManagement.QueryBuilder\" targetDirectory="~\Composite\InstalledPackages\ExperienceManagement.QueryBuilder\" allowOverwrite="false" deleteTargetDirectory="false" />
				<Directory sourceDirectory="~\Composite\InstalledPackages\content\forms\Orckestra.ExperienceManagement.QueryBuilder\" targetDirectory="~\Composite\InstalledPackages\content\forms\Orckestra.ExperienceManagement.QueryBuilder\" allowOverwrite="false" deleteTargetDirectory="false" />
			</Directories>
		</mi:Add>
		<mi:Add installerType="Composite.Core.PackageSystem.PackageFragmentInstallers.DataPackageFragmentInstaller, Composite" uninstallerType="Composite.Core.PackageSystem.PackageFragmentInstallers.DataPackageFragmentUninstaller, Composite">
			<Types>
				<Type type="Composite.Data.Types.IMethodBasedFunctionInfo,Composite">
					<Data dataScopeIdentifier="public" dataFilename="~\Datas\Composite.Data.Types.IMethodBasedFunctionInfos_public.xml" />
				</Type>
			</Types>
		</mi:Add>
		<mi:Add installerType="Orckestra.ExperienceManagement.SearchQueryBuilder.SearchQueryFragmentInstaller, Orckestra.ExperienceManagement.SearchQueryBuilder" uninstallerType="Orckestra.ExperienceManagement.SearchQueryBuilder.SearchQueryFragmentUninstaller, Orckestra.ExperienceManagement.SearchQueryBuilder" />
	</mi:PackageFragmentInstallers>
</mi:PackageInstaller>