﻿<DataTypeDescriptor dataTypeId="aa6cb396-57c9-4f39-9a42-bfbf7a4bd133" name="Tags" namespace="Composite.Community.Blog" title="Blog Tags" hasCustomPhysicalSortOrder="false" isCodeGenerated="true" cachable="true" labelFieldName="Tag" typeManagerTypeName="Composite.Community.Blog.Tags">
  <DataAssociations />
  <DataScopes>
    <DataScopeIdentifier name="public" />
  </DataScopes>
  <KeyPropertyNames>
    <KeyPropertyName name="Id" />
  </KeyPropertyNames>
  <SuperInterfaces>
    <SuperInterface type="Composite.Data.ProcessControlled.IProcessControlled,Composite" />
    <SuperInterface type="Composite.Data.ProcessControlled.ILocalizedControlled,Composite" />
  </SuperInterfaces>
  <Fields>
    <DataFieldDescriptor id="185e29af-bd47-4a41-9325-5ba9ff3caba4" name="Id" isNullable="false" position="-1" groupByPriority="0" inherited="false" instanceType="System.Guid, mscorlib, Version=4.0.0.0, Culture=neutral, PublicKeyToken=b77a5c561934e089" storeType="PhysicalStoreType='Guid'" isReadOnly="false">
      <FormRenderingProfile label="Id" />
      <ValidationFunctionMarkups />
    </DataFieldDescriptor>
    <DataFieldDescriptor id="2dd4dbab-5fc9-4513-b248-5fe1650cbc81" name="Tag" isNullable="false" position="0" groupByPriority="0" inherited="false" instanceType="System.String, mscorlib, Version=4.0.0.0, Culture=neutral, PublicKeyToken=b77a5c561934e089" storeType="PhysicalStoreType='String'Length='32'" isReadOnly="false" defaultValue="ValueType='String'Value=''">
      <FormRenderingProfile label="Tag" helpText="The tag for the blog entry." widgetFunctionMarkup="&lt;f:widgetfunction xmlns:f=&quot;http://www.composite.net/ns/function/1.0&quot; name=&quot;Composite.Widgets.String.TextBox&quot; label=&quot;&quot; bindingsourcename=&quot;&quot;&gt;&lt;f:helpdefinition xmlns:f=&quot;http://www.composite.net/ns/function/1.0&quot; helptext=&quot;&quot; /&gt;&lt;/f:widgetfunction&gt;" />
      <ValidationFunctionMarkups>
        <ValidationFunctionMarkup markup="&lt;f:function xmlns:f=&quot;http://www.composite.net/ns/function/1.0&quot; name=&quot;Composite.Community.Blog.TagValidatorContainer.TagValidator&quot; /&gt;" />
      </ValidationFunctionMarkups>
    </DataFieldDescriptor>
    <DataFieldDescriptor id="11d0b07d-0da4-4367-923c-c21f1834d17a" name="Type" isNullable="false" position="1" groupByPriority="0" inherited="false" instanceType="System.Guid, mscorlib, Version=4.0.0.0, Culture=neutral, PublicKeyToken=b77a5c561934e089" storeType="PhysicalStoreType='Guid'" isReadOnly="false" defaultValue="ValueType='Guid'Value='00000000-0000-0000-0000-000000000000'" foreignKeyReferenceTypeName="Composite.Community.Blog.TagType">
      <FormRenderingProfile label="Tag Type" helpText="" widgetFunctionMarkup="&lt;f:widgetfunction xmlns:f=&quot;http://www.composite.net/ns/function/1.0&quot; name=&quot;Composite.Widgets.DataReference.CompositeCommunityBlogTagType.Selector&quot; /&gt;" />
      <ValidationFunctionMarkups />
    </DataFieldDescriptor>
    <DataFieldDescriptor id="d0826195-04f9-4479-be4b-69231415dfeb" name="Position" isNullable="true" position="2" groupByPriority="0" inherited="false" instanceType="&lt;t n=&quot;System.Nullable`1, mscorlib, Version=4.0.0.0, Culture=neutral, PublicKeyToken=b77a5c561934e089&quot;&gt;&#xD;&#xA;  &lt;t n=&quot;System.Int32, mscorlib, Version=4.0.0.0, Culture=neutral, PublicKeyToken=b77a5c561934e089&quot; /&gt;&#xD;&#xA;&lt;/t&gt;" storeType="PhysicalStoreType='Integer'" isReadOnly="false">
      <FormRenderingProfile label="Position" helpText="" widgetFunctionMarkup="&lt;f:widgetfunction xmlns:f=&quot;http://www.composite.net/ns/function/1.0&quot; name=&quot;Composite.Widgets.Integer.TextBox&quot; /&gt;" />
      <ValidationFunctionMarkups />
    </DataFieldDescriptor>
    <DataFieldDescriptor id="0456ebb0-7fb1-46cd-9a23-4ae9aa3337fa" name="SourceCultureName" isNullable="false" position="1000" groupByPriority="0" inherited="true" instanceType="System.String, mscorlib, Version=4.0.0.0, Culture=neutral, PublicKeyToken=b77a5c561934e089" storeType="PhysicalStoreType='String'Length='16'" isReadOnly="false" defaultValue="ValueType='String'Value=''">
      <FormRenderingProfile />
      <ValidationFunctionMarkups />
    </DataFieldDescriptor>
  </Fields>
</DataTypeDescriptor>