﻿<?xml version="1.0" encoding="utf-8" ?>
<DataTypeDescriptor dataTypeId="8016be2f-fb8e-422a-b477-3ea534f2ae1f" name="Entries" namespace="Composite.Community.Blog" title="BlogEntries" hasCustomPhysicalSortOrder="false" isCodeGenerated="true" cachable="false" searchable="true" labelFieldName="Title" internalUrlPrefix="blogEntry" typeManagerTypeName="Composite.Community.Blog.Entries">
  <DataAssociations />
  <DataScopes>
    <DataScopeIdentifier name="public" />
    <DataScopeIdentifier name="administrated" />
  </DataScopes>
  <KeyPropertyNames>
    <KeyPropertyName name="Id" />
  </KeyPropertyNames>
  <SuperInterfaces>
    <SuperInterface type="Composite.Data.ProcessControlled.IPublishControlled,Composite" />
    <SuperInterface type="Composite.Data.ProcessControlled.IProcessControlled,Composite" />
    <SuperInterface type="Composite.Data.ProcessControlled.ILocalizedControlled,Composite" />
  </SuperInterfaces>
  <Fields>
    <DataFieldDescriptor id="65fe7571-b201-4e27-9d24-1f617a663916" name="Id" isNullable="false" position="-1" groupByPriority="0" inherited="false" instanceType="System.Guid, mscorlib, Version=4.0.0.0, Culture=neutral, PublicKeyToken=b77a5c561934e089" storeType="PhysicalStoreType='Guid'" isReadOnly="false">
      <FormRenderingProfile />
      <ValidationFunctionMarkups />
    </DataFieldDescriptor>
    <DataFieldDescriptor id="7ee65e76-9244-4638-a812-dfe50c11e151" name="Title" isNullable="false" position="0" groupByPriority="0" inherited="false" instanceType="System.String, mscorlib, Version=4.0.0.0, Culture=neutral, PublicKeyToken=b77a5c561934e089" storeType="PhysicalStoreType='String'Length='1024'" isReadOnly="false" defaultValue="ValueType='String'Value=''">
      <FormRenderingProfile label="Title" helpText="The title of the blog entry. Consider a short title for quick reference in lists and feeds." widgetFunctionMarkup="&lt;f:widgetfunction xmlns:f=&quot;http://www.composite.net/ns/function/1.0&quot; name=&quot;Composite.Widgets.String.TextBox&quot; label=&quot;&quot; bindingsourcename=&quot;&quot;&gt;&lt;f:helpdefinition xmlns:f=&quot;http://www.composite.net/ns/function/1.0&quot; helptext=&quot;&quot; /&gt;&lt;/f:widgetfunction&gt;" />
      <SearchProfile indexText="true" enablePreview="false" isFacet="false" />
    </DataFieldDescriptor>
    <DataFieldDescriptor id="58392971-cbeb-42fc-afc1-22af7970ab95" name="TitleUrl" isNullable="true" position="1" groupByPriority="0" inherited="false" instanceType="System.String, mscorlib, Version=4.0.0.0, Culture=neutral, PublicKeyToken=b77a5c561934e089" storeType="PhysicalStoreType='String'Length='1024'" isReadOnly="false" defaultValue="ValueType='String'Value=''">
      <FormRenderingProfile label="Title Url" helpText="The blog's title without special characters." widgetFunctionMarkup="&lt;f:widgetfunction xmlns:f=&quot;http://www.composite.net/ns/function/1.0&quot; name=&quot;Composite.Widgets.String.TextBox&quot; label=&quot;&quot; bindingsourcename=&quot;&quot;&gt;&lt;f:helpdefinition xmlns:f=&quot;http://www.composite.net/ns/function/1.0&quot; helptext=&quot;&quot; /&gt;&lt;/f:widgetfunction&gt;" />
      <SearchProfile indexText="true" enablePreview="false" isFacet="false" />
    </DataFieldDescriptor>
    <DataFieldDescriptor id="b7b03c02-4c87-48d2-879a-cc33c78b992e" name="Image" isNullable="true" position="2" groupByPriority="0" inherited="false" instanceType="System.String, mscorlib, Version=4.0.0.0, Culture=neutral, PublicKeyToken=b77a5c561934e089" storeType="PhysicalStoreType='String'Length='512'" isReadOnly="false" defaultValue="ValueType='String'Value=''" foreignKeyReferenceTypeName="Composite.Data.Types.IImageFile,Composite">
      <FormRenderingProfile label="Image" helpText="The image to illustrate the blog entry (optional)." widgetFunctionMarkup="&lt;f:widgetfunction xmlns:f=&quot;http://www.composite.net/ns/function/1.0&quot; name=&quot;Composite.Widgets.ImageSelector&quot; label=&quot;&quot; bindingsourcename=&quot;&quot;&gt;&lt;f:helpdefinition xmlns:f=&quot;http://www.composite.net/ns/function/1.0&quot; helptext=&quot;&quot; /&gt;&lt;f:param name=&quot;Required&quot; value=&quot;False&quot; /&gt;&lt;/f:widgetfunction&gt;" />
      <ValidationFunctionMarkups />
    </DataFieldDescriptor>
    <DataFieldDescriptor id="a2a95e18-bd19-4c1b-86b9-3baf1eeab83a" name="Teaser" isNullable="false" position="3" groupByPriority="0" inherited="false" instanceType="System.String, mscorlib, Version=4.0.0.0, Culture=neutral, PublicKeyToken=b77a5c561934e089" storeType="PhysicalStoreType='String'Length='1024'" isReadOnly="false" defaultValue="ValueType='String'Value=''">
      <FormRenderingProfile label="Teaser" helpText="The summary or highlights of the blog entry’s content. Consider a short description, one or two lines long." widgetFunctionMarkup="&lt;f:widgetfunction xmlns:f=&quot;http://www.composite.net/ns/function/1.0&quot; name=&quot;Composite.Widgets.String.TextArea&quot; label=&quot;&quot; bindingsourcename=&quot;&quot;&gt;&lt;f:helpdefinition xmlns:f=&quot;http://www.composite.net/ns/function/1.0&quot; helptext=&quot;&quot; /&gt;&lt;/f:widgetfunction&gt;" />
      <SearchProfile indexText="true" enablePreview="true" isFacet="false" />
    </DataFieldDescriptor>
    <DataFieldDescriptor id="4d18e546-1b07-4ecf-add1-a56149b3339e" name="Date" isNullable="false" position="4" groupByPriority="1" inherited="false" instanceType="System.DateTime, mscorlib, Version=4.0.0.0, Culture=neutral, PublicKeyToken=b77a5c561934e089" storeType="PhysicalStoreType='DateTime'" isReadOnly="false" newInstanceDefaultFieldValue="&lt;f:function xmlns:f=&quot;http://www.composite.net/ns/function/1.0&quot; name=&quot;Composite.Utils.Date.Now&quot; /&gt;" defaultValue="ValueType='DateTimeNow'">
      <FormRenderingProfile label="Date" helpText="The date of the blog entry’s publication." widgetFunctionMarkup="&lt;f:widgetfunction xmlns:f=&quot;http://www.composite.net/ns/function/1.0&quot; name=&quot;Composite.Widgets.Date.DateTimeSelector&quot; label=&quot;&quot; bindingsourcename=&quot;&quot;&gt;&lt;f:helpdefinition xmlns:f=&quot;http://www.composite.net/ns/function/1.0&quot; helptext=&quot;&quot; /&gt;&lt;/f:widgetfunction&gt;" />
      <ValidationFunctionMarkups />
    </DataFieldDescriptor>
    <DataFieldDescriptor id="5b6473b9-7e58-40e8-8d25-5241cb7bcc99" name="Author" isNullable="false" position="5" groupByPriority="0" inherited="false" instanceType="System.Guid, mscorlib, Version=4.0.0.0, Culture=neutral, PublicKeyToken=b77a5c561934e089" storeType="PhysicalStoreType='Guid'" isReadOnly="false" newInstanceDefaultFieldValue="&lt;f:function xmlns:f=&quot;http://www.composite.net/ns/function/1.0&quot; name=&quot;Composite.Community.Blog.Authors.GetDataReference&quot;&gt;&lt;f:param name=&quot;KeyValue&quot; value=&quot;42277379-0c5c-4492-87b5-76c86dadc3f8&quot; /&gt;&lt;/f:function&gt;" defaultValue="ValueType='Guid'Value='00000000-0000-0000-0000-000000000000'" foreignKeyReferenceTypeName="Composite.Community.Blog.Authors">
      <FormRenderingProfile label="Author" helpText="The name of the blog entry’s author." widgetFunctionMarkup="&lt;f:widgetfunction xmlns:f=&quot;http://www.composite.net/ns/function/1.0&quot; name=&quot;Composite.Widgets.DataReference.CompositeCommunityBlogAuthors.Selector&quot; label=&quot;&quot; bindingsourcename=&quot;&quot;&gt;&lt;f:helpdefinition xmlns:f=&quot;http://www.composite.net/ns/function/1.0&quot; helptext=&quot;&quot; /&gt;&lt;/f:widgetfunction&gt;" />
      <ValidationFunctionMarkups />
    </DataFieldDescriptor>
    <DataFieldDescriptor id="e2d45b8f-1005-4565-bb9a-dd66356f9b4b" name="Tags" isNullable="false" position="6" groupByPriority="0" inherited="false" instanceType="System.String, mscorlib, Version=4.0.0.0, Culture=neutral, PublicKeyToken=b77a5c561934e089" storeType="PhysicalStoreType='LargeString'" isReadOnly="false" newInstanceDefaultFieldValue="&lt;f:function xmlns:f=&quot;http://www.composite.net/ns/function/1.0&quot; name=&quot;Composite.Constant.String&quot;&gt;&lt;f:param name=&quot;Constant&quot; value=&quot;About&quot; /&gt;&lt;/f:function&gt;" defaultValue="ValueType='String'Value=''">
      <FormRenderingProfile label="Tags" helpText="A key word or term assigned to the blog entry to classify its content and help in search and filtering. If necessary, select one or more tags that best describe the item." widgetFunctionMarkup="&lt;f:widgetfunction xmlns:f=&quot;http://www.composite.net/ns/function/1.0&quot; name=&quot;Composite.Widgets.String.Selector&quot; label=&quot;&quot; bindingsourcename=&quot;&quot;&gt;&lt;f:helpdefinition xmlns:f=&quot;http://www.composite.net/ns/function/1.0&quot; helptext=&quot;&quot; /&gt;&lt;f:param xmlns:f=&quot;http://www.composite.net/ns/function/1.0&quot; name=&quot;Options&quot;&gt;&lt;f:function xmlns:f=&quot;http://www.composite.net/ns/function/1.0&quot; name=&quot;Composite.Community.Blog.Tags.GetTagsXml&quot;&gt;&lt;f:param name=&quot;PropertyNames&quot;&gt;&lt;f:paramelement value=&quot;Tag&quot; /&gt;&lt;/f:param&gt;&lt;f:param name=&quot;OrderByField&quot; value=&quot;Tag&quot; /&gt;&lt;/f:function&gt;&lt;/f:param&gt;&lt;f:param name=&quot;KeyFieldName&quot; value=&quot;Tag&quot; /&gt;&lt;f:param name=&quot;LabelFieldName&quot; value=&quot;Tag&quot; /&gt;&lt;f:param name=&quot;Multiple&quot; value=&quot;True&quot; /&gt;&lt;f:param name=&quot;Compact&quot; value=&quot;False&quot; /&gt;&lt;/f:widgetfunction&gt;" />
      <SearchProfile indexText="false" enablePreview="false" isFacet="true" />
    </DataFieldDescriptor>
    <DataFieldDescriptor id="00f0d720-82ff-4eeb-86e1-96917110d1ab" name="Content" isNullable="false" position="7" groupByPriority="0" inherited="false" instanceType="System.String, mscorlib, Version=4.0.0.0, Culture=neutral, PublicKeyToken=b77a5c561934e089" storeType="PhysicalStoreType='LargeString'" isReadOnly="false" defaultValue="ValueType='String'Value=''">
      <FormRenderingProfile label="Content" helpText="The content of the blog entry." widgetFunctionMarkup="&lt;f:widgetfunction xmlns:f=&quot;http://www.composite.net/ns/function/1.0&quot; name=&quot;Composite.Widgets.String.VisualXhtmlEditor&quot; label=&quot;&quot; bindingsourcename=&quot;&quot;&gt;&lt;f:helpdefinition xmlns:f=&quot;http://www.composite.net/ns/function/1.0&quot; helptext=&quot;&quot; /&gt;&lt;/f:widgetfunction&gt;" />
      <SearchProfile indexText="true" enablePreview="false" isFacet="false" />
    </DataFieldDescriptor>
    <DataFieldDescriptor id="02f7db6f-cbc7-4651-8347-8ff324331ed5" name="PageId" isNullable="false" position="8" groupByPriority="0" inherited="false" instanceType="System.Guid, mscorlib, Version=4.0.0.0, Culture=neutral, PublicKeyToken=b77a5c561934e089" storeType="PhysicalStoreType='Guid'" isReadOnly="false" defaultValue="ValueType='Guid'Value='00000000-0000-0000-0000-000000000000'" foreignKeyReferenceTypeName="Composite.Data.Types.IPage,Composite">
      <FormRenderingProfile label="Page Id" helpText="The ID of the page the blog entry belongs to." widgetFunctionMarkup="&lt;f:widgetfunction xmlns:f=&quot;http://www.composite.net/ns/function/1.0&quot; name=&quot;Composite.Widgets.DataReference.CompositeDataTypesIPage.Selector&quot; label=&quot;&quot; bindingsourcename=&quot;&quot;&gt;&lt;f:helpdefinition xmlns:f=&quot;http://www.composite.net/ns/function/1.0&quot; helptext=&quot;&quot; /&gt;&lt;/f:widgetfunction&gt;" />
      <ValidationFunctionMarkups />
    </DataFieldDescriptor>
    <DataFieldDescriptor id="b40efa4b-763a-4c08-8193-1d634bbf0469" name="NotifyOnNewComments" isNullable="false" position="9" groupByPriority="0" inherited="false" instanceType="System.Boolean, mscorlib, Version=4.0.0.0, Culture=neutral, PublicKeyToken=b77a5c561934e089" storeType="PhysicalStoreType='Boolean'" isReadOnly="false" newInstanceDefaultFieldValue="&lt;f:function xmlns:f=&quot;http://www.composite.net/ns/function/1.0&quot; name=&quot;Composite.Constant.Boolean&quot;&gt;&lt;f:param name=&quot;Constant&quot; value=&quot;True&quot; /&gt;&lt;/f:function&gt;" defaultValue="ValueType='Boolean'Value='False'">
      <FormRenderingProfile label="Notify on new comments" helpText="If this option is selected, the author of the blog entry will receive a notification by email when a new comment is added." widgetFunctionMarkup="&lt;f:widgetfunction xmlns:f=&quot;http://www.composite.net/ns/function/1.0&quot; name=&quot;Composite.Widgets.Bool.CheckBox&quot; label=&quot;&quot; bindingsourcename=&quot;&quot;&gt;&lt;f:helpdefinition xmlns:f=&quot;http://www.composite.net/ns/function/1.0&quot; helptext=&quot;&quot; /&gt;&lt;/f:widgetfunction&gt;" />
      <ValidationFunctionMarkups />
    </DataFieldDescriptor>
    <DataFieldDescriptor id="60ff1e5b-50fb-4f37-8ec6-9bb86d9621a9" name="DisplayComments" isNullable="false" position="10" groupByPriority="0" inherited="false" instanceType="System.Boolean, mscorlib, Version=4.0.0.0, Culture=neutral, PublicKeyToken=b77a5c561934e089" storeType="PhysicalStoreType='Boolean'" isReadOnly="false" newInstanceDefaultFieldValue="&lt;f:function xmlns:f=&quot;http://www.composite.net/ns/function/1.0&quot; name=&quot;Composite.Constant.Boolean&quot;&gt;&lt;f:param name=&quot;Constant&quot; value=&quot;Fasle&quot; /&gt;&lt;/f:function&gt;" defaultValue="ValueType='Boolean'Value='False'">
      <FormRenderingProfile label="Display comments" helpText="If this option is selected, the comments to blog entries will be displayed." widgetFunctionMarkup="&lt;f:widgetfunction xmlns:f=&quot;http://www.composite.net/ns/function/1.0&quot; name=&quot;Composite.Widgets.Bool.CheckBox&quot; label=&quot;&quot; bindingsourcename=&quot;&quot;&gt;&lt;f:helpdefinition xmlns:f=&quot;http://www.composite.net/ns/function/1.0&quot; helptext=&quot;&quot; /&gt;&lt;/f:widgetfunction&gt;" />
      <ValidationFunctionMarkups />
    </DataFieldDescriptor>
    <DataFieldDescriptor id="14ca41a2-1337-4b1f-9495-0874ced6e8ee" name="AllowNewComments" isNullable="false" position="11" groupByPriority="0" inherited="false" instanceType="System.Boolean, mscorlib, Version=4.0.0.0, Culture=neutral, PublicKeyToken=b77a5c561934e089" storeType="PhysicalStoreType='Boolean'" isReadOnly="false" newInstanceDefaultFieldValue="&lt;f:function xmlns:f=&quot;http://www.composite.net/ns/function/1.0&quot; name=&quot;Composite.Constant.Boolean&quot;&gt;&lt;f:param name=&quot;Constant&quot; value=&quot;True&quot; /&gt;&lt;/f:function&gt;" defaultValue="ValueType='Boolean'Value='False'">
      <FormRenderingProfile label="Allow new comments" helpText="If this option is selected, adding new comments to blog entries will be allowed." widgetFunctionMarkup="&lt;f:widgetfunction xmlns:f=&quot;http://www.composite.net/ns/function/1.0&quot; name=&quot;Composite.Widgets.Bool.CheckBox&quot; label=&quot;&quot; bindingsourcename=&quot;&quot;&gt;&lt;f:helpdefinition xmlns:f=&quot;http://www.composite.net/ns/function/1.0&quot; helptext=&quot;&quot; /&gt;&lt;/f:widgetfunction&gt;" />
      <ValidationFunctionMarkups />
    </DataFieldDescriptor>
    <DataFieldDescriptor id="fab1cf0c-66b0-11dc-a47e-cf6356d89593" name="PublicationStatus" isNullable="false" position="50" groupByPriority="0" inherited="true" instanceType="System.String, mscorlib, Version=4.0.0.0, Culture=neutral, PublicKeyToken=b77a5c561934e089" storeType="PhysicalStoreType='String'Length='64'" isReadOnly="false" defaultValue="ValueType='String'Value=''">
      <FormRenderingProfile />
      <ValidationFunctionMarkups />
    </DataFieldDescriptor>
    <DataFieldDescriptor id="0456ebb0-7fb1-46cd-9a23-4ae9aa3337fa" name="SourceCultureName" isNullable="false" position="1000" groupByPriority="0" inherited="true" instanceType="System.String, mscorlib, Version=4.0.0.0, Culture=neutral, PublicKeyToken=b77a5c561934e089" storeType="PhysicalStoreType='String'Length='16'" isReadOnly="false" defaultValue="ValueType='String'Value=''">
      <FormRenderingProfile />
      <ValidationFunctionMarkups />
    </DataFieldDescriptor>
  </Fields>
</DataTypeDescriptor>