﻿<?xml version="1.0" encoding="utf-8"?>
<strings>
  <string key="Featured.AddNew.Tooltip" value="Ajouter un produit" />
  <string key="Featured.SubHeader.Label" value="En vedette" />
  <string key="Header.Label" value="Produits" />
  <string key="EditPage.ProductButton.Label" value="Produits" />
  <string key="EditPage.ProductButton.Tooltip" value="Produits" />
  <string key="Apply.Label" value="Appliquer" />
  <string key="Apply.Tooltip" value="Appliquer" />
  <string key="Filter.Placeholder" value="Filtrer ..." />
  <string key="Products.UnSelectAll.Label" value="Tout désélectionner" />
  <string key="Products.UnSelectAll.Tooltip" value="Tout désélectionner" />
  <string key="Products.AddToFeatured.Label" value="Ajouter" />
  <string key="Products.AddToFeatured.Tooltip" value="Ajouter aux produits vedettes" />
  <string key="Products.LoadMore.Label" value="Afficher d'avantage" />
  <string key="Products.LoadMore.Tooltip" value="Afficher d'avantage" />
  <string key="Products.CountSelected.Label" value="{0} sélectionnés" />
  <string key="Featured.AddNew.Label" value="Ajouter un produit" />
  <string key="Inactive" value="Inactif" />
  <string key="Invalid" value="Invalide" />
</strings>