﻿<?xml version="1.0" encoding="utf-8"?>
<strings>
  <string key="Filter.Placeholder" value="Filter..." />
  <string key="Products.UnSelectAll.Label" value="Unselect All" />
  <string key="Products.UnSelectAll.Tooltip" value="Unselect All" />
  <string key="Products.AddToFeatured.Label" value="Add" />
  <string key="Products.AddToFeatured.Tooltip" value="Add to featured" />
  <string key="Products.LoadMore.Label" value="Load more" />
  <string key="Products.LoadMore.Tooltip" value="Load more" />
  <string key="Products.CountSelected.Label" value="{0} selected" />
  <string key="Featured.AddNew.Label" value="Add a product" />
  <string key="Featured.AddNew.Tooltip" value="Add a product" />
  <string key="Featured.SubHeader.Label" value="Featured" />
  <string key="Header.Label" value="Products" />
  <string key="Apply.Label" value="Apply" />
  <string key="Apply.Tooltip" value="Apply" />
  <string key="EditPage.ProductButton.Label" value="Products" />
  <string key="EditPage.ProductButton.Tooltip" value="Products" />
  <string key="Inactive" value="Inactive" />
  <string key="Invalid" value="Invalid" />
</strings>