<?xml version="1.0" standalone="yes"?>
<mi:PackageInstaller xmlns:mi="http://www.composite.net/ns/management/packageinstaller/1.0">
	<mi:PackageRequirements minimumCompositeVersion="6.1.0.0" maximumCompositeVersion="9.9999.9999.9999" />
	<mi:PackageInformation name="Composite.Lists.Profiles" groupName="Composite.Lists" version="1.1.0" 
												 author="Orckestra A/S" website="https://c1.orckestra.com" 
												 readMoreUrl="https://docs.c1.orckestra.com/Composite.Lists.Profiles" 
												 id="4ddb9a49-3f1b-4f03-a54f-81a64f36f751" 
												 canBeUninstalled="true" systemLocking="hard" flushOnCompletion="true">
		<TechnicalDetails>Present profiles of people in your organization on a dedicated page.</TechnicalDetails>
		<Description>Present profiles of people in your organization on a dedicated page.</Description>
	</mi:PackageInformation>
	<mi:PackageFragmentInstallerBinaries />
	<mi:PackageFragmentInstallers>
		<mi:Add installerType="Composite.Core.PackageSystem.PackageFragmentInstallers.FilePackageFragmentInstaller, Composite" uninstallerType="Composite.Core.PackageSystem.PackageFragmentInstallers.FilePackageFragmentUninstaller, Composite">
			<Files>
				<File sourceFilename="~\App_Data/Razor/Composite/Lists/Profiles.cshtml" targetFilename="~\App_Data/Razor/Composite/Lists/Profiles.cshtml" allowOverwrite="false" />
			</Files>
		</mi:Add>
		<mi:Add installerType="Composite.Core.PackageSystem.PackageFragmentInstallers.DynamicDataTypePackageFragmentInstaller, Composite" uninstallerType="Composite.Core.PackageSystem.PackageFragmentInstallers.DynamicDataTypePackageFragmentUninstaller, Composite">
      <Types>
        <Type providerName="GeneratedDataTypesElementProvider" dataTypeDescriptorFile="~\DataTypeDescriptors\Composite.Lists.Profiles.Group.xml" />
        <Type providerName="GeneratedDataTypesElementProvider" dataTypeDescriptorFile="~\DataTypeDescriptors\Composite.Lists.Profiles.Profile.xml" />
      </Types>
    </mi:Add>
		<mi:Add installerType="Composite.Core.PackageSystem.PackageFragmentInstallers.DataPackageFragmentInstaller, Composite" uninstallerType="Composite.Core.PackageSystem.PackageFragmentInstallers.DataPackageFragmentUninstaller, Composite">
      <Types>
        <Type type="Composite.Data.Types.IGeneratedTypeWhiteList,Composite">
          <Data dataScopeIdentifier="administrated" dataFilename="~\Datas\Composite.Data.Types.IGeneratedTypeWhiteLists_administrated.xml" />
        </Type>
        <Type isDynamicAdded="true" type="Composite.Lists.Profiles.Group">
          <Data dataScopeIdentifier="public" locale="?" dataFilename="~\Datas\Composite.Lists.Profiles.Groups_public.xml" />
        </Type>
      </Types>
		</mi:Add>
	</mi:PackageFragmentInstallers>
</mi:PackageInstaller>