<?xml version="1.0" standalone="yes"?>
<mi:PackageInstaller xmlns:mi="http://www.composite.net/ns/management/packageinstaller/1.0">
	<mi:PackageRequirements minimumCompositeVersion="4.2.0.0" maximumCompositeVersion="9.9999.9999.9999" />
	<mi:PackageInformation name="Orckestra.Community.Blog.DefaultContent" groupName="Orckestra.Community.Blog" version="2.0.3" author="Orckestra A/S" website="https://c1.orckestra.com" readMoreUrl="https://c1.orckestra.com" id="abb7a0a1-8566-4dce-bcc6-d45894b64255" canBeUninstalled="true" systemLocking="hard" flushOnCompletion="true">
		<TechnicalDetails>Default content: Blog page with demo blog items</TechnicalDetails>
		<Description>Default content: Blog page with demo blog items</Description>
	</mi:PackageInformation>
	<mi:PackageFragmentInstallerBinaries />
	<mi:PackageFragmentInstallers>
		<mi:Add installerType="Composite.Core.PackageSystem.PackageFragmentInstallers.DataPackageFragmentInstaller, Composite" uninstallerType="Composite.Core.PackageSystem.PackageFragmentInstallers.DataPackageFragmentUninstaller, Composite">
			<Types>
				<Type type="Composite.Community.Blog.Tags">
					<Data dataScopeIdentifier="public" locale="?" dataFilename="~\Datas\Composite.Community.Blog.Tagss_public.xml" />
				</Type>
				<Type type="Composite.Data.Types.IPageStructure,Composite">
					<Data dataScopeIdentifier="public" dataFilename="~\Datas\Composite.Data.Types.IPageStructures_public.xml" />
				</Type>
				<Type type="Composite.Data.Types.IPage,Composite">
					<Data dataScopeIdentifier="administrated" locale="?" dataFilename="~\Datas\Composite.Data.Types.IPages_administrated.xml" />
				</Type>
				<Type type="Composite.Data.Types.IPage,Composite">
					<Data dataScopeIdentifier="public" locale="?" dataFilename="~\Datas\Composite.Data.Types.IPages_public.xml" />
				</Type>
				<Type type="Composite.Community.Blog.Entries">
					<Data dataScopeIdentifier="administrated" locale="?" dataFilename="~\Datas\Composite.Community.Blog.Entriess_administrated.xml" />
				</Type>
				<Type type="Composite.Community.Blog.Entries">
					<Data dataScopeIdentifier="public" locale="?" dataFilename="~\Datas\Composite.Community.Blog.Entriess_public.xml" />
				</Type>
				<Type type="Composite.Data.Types.IPagePlaceholderContent,Composite">
					<Data dataScopeIdentifier="administrated" locale="?" dataFilename="~\Datas\Composite.Data.Types.IPagePlaceholderContents_administrated.xml" />
				</Type>
				<Type type="Composite.Data.Types.IPagePlaceholderContent,Composite">
					<Data dataScopeIdentifier="public" locale="?" dataFilename="~\Datas\Composite.Data.Types.IPagePlaceholderContents_public.xml" />
				</Type>
				<Type type="Composite.Data.Types.IDataItemTreeAttachmentPoint,Composite">
					<Data dataScopeIdentifier="public" dataFilename="~\Datas\Composite.Data.Types.IDataItemTreeAttachmentPoints_public.xml" />
				</Type>
			</Types>
		</mi:Add>
	</mi:PackageFragmentInstallers>
</mi:PackageInstaller>