﻿<?xml version="1.0" encoding="utf-8"?>
<Data>
    <Add Id="9bdb7b6d-4e4f-41c9-bcc3-95b20bd8d796" TemplateId="e3851f7a-3f4b-4eda-9708-07c3b6020e08" PageTypeId="f7869eb2-7369-4eb2-af47-e3be261e92c7" Title="How to edit this website" MenuTitle="Edit this website" UrlTitle="How-to-edit" FriendlyUrl="" Description="To start editing the website, launch the C1 CMS Console." ChangeDate="2016-09-21 16:10:54Z" ChangedBy="admin"   PublicationStatus="published" SourceCultureName="en-US" />
    <Add Id="3768a65c-2a99-4d32-aa72-ea70972fd2dd" TemplateId="e3851f7a-3f4b-4eda-9708-07c3b6020e08" PageTypeId="f7869eb2-7369-4eb2-af47-e3be261e92c7" Title="Left Navigation" MenuTitle="Left Navigation" UrlTitle="Left-Navigation" FriendlyUrl="" Description="" ChangeDate="2016-09-22 12:36:13Z" ChangedBy="admin"     PublicationStatus="published" SourceCultureName="en-US" />
    <Add Id="d74e62c7-5bc6-4927-9e45-6df0b628a31c" TemplateId="23651f7a-3f4b-4eda-9708-07c3b602050d" PageTypeId="f7869eb2-7369-4eb2-af47-e3be261e92c7" Title="Right Navigation" MenuTitle="Right Navigation" UrlTitle="Right-Navigation" FriendlyUrl="" Description="" ChangeDate="2016-09-22 12:36:13Z" ChangedBy="admin"     PublicationStatus="published" SourceCultureName="en-US" />
    <Add Id="7d22a9d5-449a-45d8-b882-d5cb465d7584" TemplateId="ea2ca748-efbf-4d94-8e2a-11ce49b71cd5" PageTypeId="f7869eb2-7369-4eb2-af47-e3be261e92c7" Title="Left Aside" MenuTitle="Left Aside" UrlTitle="Left-Aside" FriendlyUrl="" Description="" ChangeDate="2016-09-22 12:36:13Z" ChangedBy="admin"     PublicationStatus="published" SourceCultureName="en-US" />
    <Add Id="6e2301ce-0172-439d-b557-ce268b9854ed" TemplateId="9f096519-d21c-435e-b334-62224fde2ab3" PageTypeId="f7869eb2-7369-4eb2-af47-e3be261e92c7" Title="Right Aside" MenuTitle="Right Aside" UrlTitle="Right-Aside" FriendlyUrl="" Description="" ChangeDate="2016-09-22 12:36:13Z" ChangedBy="admin"     PublicationStatus="published" SourceCultureName="en-US" />
    <Add Id="3feb4922-8bc7-49ba-bc77-48a871028304" TemplateId="53851f7a-3f4b-4eda-9708-0743b6020e68" PageTypeId="f7869eb2-7369-4eb2-af47-e3be261e92c7" Title="3 Columns" MenuTitle="3 Columns" UrlTitle="3-Columns" FriendlyUrl="" Description="" ChangeDate="2016-09-22 12:36:13Z" ChangedBy="admin"     PublicationStatus="published" SourceCultureName="en-US" />
    <Add Id="1bf19f5e-ee74-40f9-8cb8-a9d8222f94cd" TemplateId="0526ad34-c540-418e-8c23-0eec2a8da2ce" PageTypeId="f7869eb2-7369-4eb2-af47-e3be261e92c7" Title="Full Width" MenuTitle="Full Width" UrlTitle="Full-Width" FriendlyUrl="" Description="" ChangeDate="2016-09-22 12:36:13Z" ChangedBy="admin"     PublicationStatus="published" SourceCultureName="en-US" />
    <Add Id="7282d28c-d3c7-4221-9b78-2331ae8d9c6e" TemplateId="9f096519-d21c-435e-b334-62224fde2ab3" PageTypeId="f7869eb2-7369-4eb2-af47-e3be261e92c7" Title="Page Templates" MenuTitle="Page Templates" UrlTitle="Page-Templates" FriendlyUrl="" Description="" ChangeDate="2016-09-22 12:36:13Z" ChangedBy="admin"     PublicationStatus="published" SourceCultureName="en-US" />
    <Add Id="e8be7c4b-870f-4dfb-91b5-7c4b7bec408f" TemplateId="e3851f7a-3f4b-4eda-9708-07c3b6020e08" PageTypeId="f7869eb2-7369-4eb2-af47-e3be261e92c7" Title="Styles" MenuTitle="Styles" UrlTitle="Styles" FriendlyUrl="" Description="This page contains different elements that you can define with the Visual Editor in the C1 CMS Console." ChangeDate="2016-09-07 13:00:55Z" ChangedBy="admin"     PublicationStatus="published" SourceCultureName="en-US" />
    <Add Id="ca2b9cf8-9461-439a-92f3-70a74eea92fd" TemplateId="e3851f7a-3f4b-4eda-9708-07c3b6020e08" PageTypeId="f7869eb2-7369-4eb2-af47-e3be261e92c7" Title="A sub page" MenuTitle="Subpage 1.1.1.1" UrlTitle="Subpage-1-1-1-1" FriendlyUrl="" Description="" ChangeDate="2016-09-07 13:00:55Z" ChangedBy="admin"     PublicationStatus="published" SourceCultureName="en-US" />
    <Add Id="51a6c119-d529-42f7-8041-3dee62649a5e" TemplateId="e3851f7a-3f4b-4eda-9708-07c3b6020e08" PageTypeId="f7869eb2-7369-4eb2-af47-e3be261e92c7" Title="A sub page" MenuTitle="Subpage 1.1.1" UrlTitle="Subpage-1-1-1" FriendlyUrl="" Description="" ChangeDate="2016-09-07 13:00:55Z" ChangedBy="admin"     PublicationStatus="published" SourceCultureName="en-US" />
    <Add Id="826bb71e-c54b-468b-9676-2ea1cb19da75" TemplateId="e3851f7a-3f4b-4eda-9708-07c3b6020e08" PageTypeId="f7869eb2-7369-4eb2-af47-e3be261e92c7" Title="A sub page" MenuTitle="Subpage 1.1" UrlTitle="Subpage-1-1" FriendlyUrl="" Description="" ChangeDate="2016-09-07 13:00:55Z" ChangedBy="admin"     PublicationStatus="published" SourceCultureName="en-US" />
    <Add Id="a231fba9-09c6-451b-9fac-cbdd3986e40e" TemplateId="e3851f7a-3f4b-4eda-9708-07c3b6020e08" PageTypeId="f7869eb2-7369-4eb2-af47-e3be261e92c7" Title="Page 1" MenuTitle="Page 1" UrlTitle="Page-1" FriendlyUrl="" Description="" ChangeDate="2016-09-07 13:00:55Z" ChangedBy="admin"     PublicationStatus="published" SourceCultureName="en-US" />
    <Add Id="4d55cf40-ecf0-44b7-85c5-01a3294ca3fb" TemplateId="e3851f7a-3f4b-4eda-9708-07c3b6020e08" PageTypeId="f7869eb2-7369-4eb2-af47-e3be261e92c7" Title="Huge menu title" MenuTitle="Huge menu title that will wrap across multiple lines..." UrlTitle="Huge-menu-title" FriendlyUrl="" Description="" ChangeDate="2016-09-07 13:00:55Z" ChangedBy="admin"     PublicationStatus="published" SourceCultureName="en-US" />
    <Add Id="50156042-3837-4511-9ced-8ed6116e099d" TemplateId="e3851f7a-3f4b-4eda-9708-07c3b6020e08" PageTypeId="f7869eb2-7369-4eb2-af47-e3be261e92c7" Title="Sub category 1" MenuTitle="Sub category 1" UrlTitle="Sub-category-1" FriendlyUrl="" Description="" ChangeDate="2016-09-07 13:00:55Z" ChangedBy="admin"     PublicationStatus="published" SourceCultureName="en-US" />
    <Add Id="f5386aa3-d6e7-4f51-b0aa-73db531ad70b" TemplateId="e3851f7a-3f4b-4eda-9708-07c3b6020e08" PageTypeId="f7869eb2-7369-4eb2-af47-e3be261e92c7" Title="Page 2" MenuTitle="Page 2" UrlTitle="Page2" FriendlyUrl="" Description="" ChangeDate="2016-09-07 13:00:55Z" ChangedBy="admin"     PublicationStatus="published" SourceCultureName="en-US" />
    <Add Id="b4efe486-5c4a-4ae7-9f36-0bf31fe40cdc" TemplateId="e3851f7a-3f4b-4eda-9708-07c3b6020e08" PageTypeId="f7869eb2-7369-4eb2-af47-e3be261e92c7" Title="Sub category 2" MenuTitle="Sub category 2" UrlTitle="Sub-category-2" FriendlyUrl="" Description="" ChangeDate="2016-09-07 13:00:55Z" ChangedBy="admin"     PublicationStatus="published" SourceCultureName="en-US" />
    <Add Id="5a97be34-fb7f-4bd1-8ff3-4ab4d9a87d6e" TemplateId="e3851f7a-3f4b-4eda-9708-07c3b6020e08" PageTypeId="f7869eb2-7369-4eb2-af47-e3be261e92c7" Title="Page 2" MenuTitle="Page 2" UrlTitle="Page-2" FriendlyUrl="" Description="" ChangeDate="2016-09-07 13:00:55Z" ChangedBy="admin"     PublicationStatus="published" SourceCultureName="en-US" />
    <Add Id="e3d6775a-2383-4464-816b-d273d9c589c5" TemplateId="e3851f7a-3f4b-4eda-9708-07c3b6020e08" PageTypeId="f7869eb2-7369-4eb2-af47-e3be261e92c7" Title="Sub category 3" MenuTitle="Sub category 3" UrlTitle="Sub-category-3" FriendlyUrl="" Description="" ChangeDate="2016-09-07 13:00:55Z" ChangedBy="admin"     PublicationStatus="published" SourceCultureName="en-US" />
    <Add Id="885a6bcd-7f2d-4a15-8abb-617d80d3b67d" TemplateId="e3851f7a-3f4b-4eda-9708-07c3b6020e08" PageTypeId="f7869eb2-7369-4eb2-af47-e3be261e92c7" Title="Navigation" MenuTitle="Navigation" UrlTitle="Navigation" FriendlyUrl="" Description="Test things like deep structures and labels that are darn long." ChangeDate="2016-09-07 13:00:55Z" ChangedBy="admin"     PublicationStatus="published" SourceCultureName="en-US" />
    <Add Id="1744a4e2-849b-4f8e-a612-702192e3dc69" TemplateId="e3851f7a-3f4b-4eda-9708-07c3b6020e08" PageTypeId="f7869eb2-7369-4eb2-af47-e3be261e92c7" Title="Media" MenuTitle="Media" UrlTitle="Media" FriendlyUrl="" Description="" ChangeDate="2016-09-07 13:00:55Z" ChangedBy="admin"     PublicationStatus="published" SourceCultureName="en-US" />
    <Add Id="dfb6e1ac-ea0d-4c50-b8b7-bb6046fd3a11" TemplateId="e3851f7a-3f4b-4eda-9708-07c3b6020e08" PageTypeId="f7869eb2-7369-4eb2-af47-e3be261e92c7" Title="Test components" MenuTitle="Components" UrlTitle="components" FriendlyUrl="" Description="This section contains pages that show off the different layouts and styling options." ChangeDate="2016-09-07 13:00:55Z" ChangedBy="admin"     PublicationStatus="published" SourceCultureName="en-US" />
    <Add Id="3a613405-9990-47a6-8f00-672a8e6de9e7" TemplateId="e3851f7a-3f4b-4eda-9708-07c3b6020e08" PageTypeId="f7869eb2-7369-4eb2-af47-e3be261e92c7" Title="Getting Started" MenuTitle="Getting Started" UrlTitle="Getting-Started" FriendlyUrl="" Description="Get help with common tasks like editing content, customizing the design and creating new features." ChangeDate="2016-09-07 13:00:55Z" ChangedBy="admin"     PublicationStatus="published" SourceCultureName="en-US" />
</Data>