﻿<?xml version="1.0" encoding="utf-8"?>
<Data>
  <Add Id="9bdb7b6d-4e4f-41c9-bcc3-95b20bd8d796" ParentId="3a613405-9990-47a6-8f00-672a8e6de9e7" LocalOrdering="0" />
  <Add Id="3768a65c-2a99-4d32-aa72-ea70972fd2dd" ParentId="7282d28c-d3c7-4221-9b78-2331ae8d9c6e" LocalOrdering="0" />
  <Add Id="d74e62c7-5bc6-4927-9e45-6df0b628a31c" ParentId="7282d28c-d3c7-4221-9b78-2331ae8d9c6e" LocalOrdering="1" />
  <Add Id="7d22a9d5-449a-45d8-b882-d5cb465d7584" ParentId="7282d28c-d3c7-4221-9b78-2331ae8d9c6e" LocalOrdering="2" />
  <Add Id="6e2301ce-0172-439d-b557-ce268b9854ed" ParentId="7282d28c-d3c7-4221-9b78-2331ae8d9c6e" LocalOrdering="3" />
  <Add Id="3feb4922-8bc7-49ba-bc77-48a871028304" ParentId="7282d28c-d3c7-4221-9b78-2331ae8d9c6e" LocalOrdering="4" />
  <Add Id="1bf19f5e-ee74-40f9-8cb8-a9d8222f94cd" ParentId="7282d28c-d3c7-4221-9b78-2331ae8d9c6e" LocalOrdering="5" />
  <Add Id="7282d28c-d3c7-4221-9b78-2331ae8d9c6e" ParentId="3a613405-9990-47a6-8f00-672a8e6de9e7" LocalOrdering="1" />
  <Add Id="e8be7c4b-870f-4dfb-91b5-7c4b7bec408f" ParentId="dfb6e1ac-ea0d-4c50-b8b7-bb6046fd3a11" LocalOrdering="0" />
  <Add Id="ca2b9cf8-9461-439a-92f3-70a74eea92fd" ParentId="51a6c119-d529-42f7-8041-3dee62649a5e" LocalOrdering="0" />
  <Add Id="51a6c119-d529-42f7-8041-3dee62649a5e" ParentId="826bb71e-c54b-468b-9676-2ea1cb19da75" LocalOrdering="0" />
  <Add Id="826bb71e-c54b-468b-9676-2ea1cb19da75" ParentId="a231fba9-09c6-451b-9fac-cbdd3986e40e" LocalOrdering="0" />
  <Add Id="a231fba9-09c6-451b-9fac-cbdd3986e40e" ParentId="50156042-3837-4511-9ced-8ed6116e099d" LocalOrdering="0" />
  <Add Id="4d55cf40-ecf0-44b7-85c5-01a3294ca3fb" ParentId="50156042-3837-4511-9ced-8ed6116e099d" LocalOrdering="1" />
  <Add Id="50156042-3837-4511-9ced-8ed6116e099d" ParentId="885a6bcd-7f2d-4a15-8abb-617d80d3b67d" LocalOrdering="0" />
  <Add Id="f5386aa3-d6e7-4f51-b0aa-73db531ad70b" ParentId="b4efe486-5c4a-4ae7-9f36-0bf31fe40cdc" LocalOrdering="0" />
  <Add Id="b4efe486-5c4a-4ae7-9f36-0bf31fe40cdc" ParentId="885a6bcd-7f2d-4a15-8abb-617d80d3b67d" LocalOrdering="1" />
  <Add Id="5a97be34-fb7f-4bd1-8ff3-4ab4d9a87d6e" ParentId="e3d6775a-2383-4464-816b-d273d9c589c5" LocalOrdering="0" />
  <Add Id="e3d6775a-2383-4464-816b-d273d9c589c5" ParentId="885a6bcd-7f2d-4a15-8abb-617d80d3b67d" LocalOrdering="2" />
  <Add Id="885a6bcd-7f2d-4a15-8abb-617d80d3b67d" ParentId="dfb6e1ac-ea0d-4c50-b8b7-bb6046fd3a11" LocalOrdering="1" />

  <Add Id="1744a4e2-849b-4f8e-a612-702192e3dc69" ParentId="dfb6e1ac-ea0d-4c50-b8b7-bb6046fd3a11" LocalOrdering="3" />
  <Add Id="dfb6e1ac-ea0d-4c50-b8b7-bb6046fd3a11" ParentId="3a613405-9990-47a6-8f00-672a8e6de9e7" LocalOrdering="2" />
  <Add Id="3a613405-9990-47a6-8f00-672a8e6de9e7" ParentId="a3055286-0e90-4b04-99dd-fb1a61dde0bf" LocalOrdering="0" />
</Data>