<?xml version="1.0" standalone="yes"?>
<mi:PackageInstaller xmlns:mi="http://www.composite.net/ns/management/packageinstaller/1.0">
	<mi:PackageRequirements minimumCompositeVersion="5.0.5784.21173" maximumCompositeVersion="9.9999.9999.9999" />
	<mi:PackageInformation name="Orckestra.ExperienceManagement.Branding" groupName="Orckestra.ExperienceManagement" version="1.0.3" author="Composite A/S" website="http://composite.net/" readMoreUrl="-" id="43e544ae-bc8b-484f-bff3-176d4fcd35f1" canBeUninstalled="false" systemLocking="hard" flushOnCompletion="true" reloadConsoleOnCompletion="true">
		<TechnicalDetails>-</TechnicalDetails>
		<Description>-</Description>
	</mi:PackageInformation>
	<mi:PackageFragmentInstallerBinaries />
	<mi:PackageFragmentInstallers>
		<mi:Add installerType="Composite.Core.PackageSystem.PackageFragmentInstallers.ConfigurationTransformationPackageFragmentInstaller, Composite" uninstallerType="Composite.Core.PackageSystem.PackageFragmentInstallers.ConfigurationTransformationPackageFragmentUninstaller, Composite">
			<Install xsltFilePath="~\Composite.config\Install.xsl" />
		</mi:Add>
		<mi:Add installerType="Composite.Core.PackageSystem.PackageFragmentInstallers.FilePackageFragmentInstaller, Composite" uninstallerType="Composite.Core.PackageSystem.PackageFragmentInstallers.FilePackageFragmentUninstaller, Composite">
			<Files>
        <File sourceFilename="~\Composite\images\logo.png" targetFilename="~\Composite\images\logo.png" allowOverwrite="true" />
				<File sourceFilename="~\Composite\images\branding\brand-icon.png" targetFilename="~\Composite\images\branding\brand-icon.png" allowOverwrite="true" />
				<File sourceFilename="~\Composite\images\branding\brand-text.svg" targetFilename="~\Composite\images\branding\brand-text.svg" allowOverwrite="true" />
				<File sourceFilename="~\Composite\images\branding\favicon.ico" targetFilename="~\Composite\images\branding\favicon.ico" allowOverwrite="true" />
        <File sourceFilename="~\Composite\images\branding\appselector-icon.png" targetFilename="~\Composite\images\branding\appselector-icon.png" allowOverwrite="true" />
				<File sourceFilename="~\Composite\images\branding\about_bg.png" targetFilename="~\Composite\images\branding\about_bg.png" allowOverwrite="true" />
				<File sourceFilename="~\Composite\images\branding\brand-lower-logo-expanded.png" targetFilename="~\Composite\images\branding\brand-lower-logo-expanded.png" allowOverwrite="true" />
				<File sourceFilename="~\Composite\images\branding\brand-lower-logo.png" targetFilename="~\Composite\images\branding\brand-lower-logo.png" allowOverwrite="true" />

				<File sourceFilename="~\Composite\content\branding\about-company-branded.inc" targetFilename="~\Composite\content\branding\about-company-branded.inc" allowOverwrite="true" />
				<File sourceFilename="~\Composite\content\branding\logo-branded.inc" targetFilename="~\Composite\content\branding\logo-branded.inc" allowOverwrite="true" />
				<File sourceFilename="~\Composite\content\branding\includes-branded.inc" targetFilename="~\Composite\content\branding\includes-branded.inc" allowOverwrite="true" />
				<File sourceFilename="~\Composite\content\branding\brand-main-branded.inc" targetFilename="~\Composite\content\branding\brand-main-branded.inc" allowOverwrite="true" />
				<File sourceFilename="~\Composite\content\branding\branding.css" targetFilename="~\Composite\content\branding\branding.css" allowOverwrite="true" />
			</Files>
		</mi:Add>

	</mi:PackageFragmentInstallers>
</mi:PackageInstaller>