<?xml version="1.0" standalone="yes"?>
<mi:PackageInstaller xmlns:mi="http://www.composite.net/ns/management/packageinstaller/1.0">
	<mi:PackageRequirements minimumCompositeVersion="5.5.6193.0" maximumCompositeVersion="9.9999.9999.9999" />
	<mi:PackageInformation name="Orckestra.ExperienceManagement.FeaturedProducts" groupName="Orckestra.ExperienceManagement" version="3.20" author="Orckestra Inc." website="https://sc-popcellar-xpc-cm-int10.overture.orckestra.local/" readMoreUrl="-" id="3b0d07ef-3075-4e2e-a970-68e342d2b72c" canBeUninstalled="true" systemLocking="hard" flushOnCompletion="true">
		<TechnicalDetails>-</TechnicalDetails>
		<Description>-</Description>
	</mi:PackageInformation>
	<mi:PackageFragmentInstallerBinaries />
	<mi:PackageFragmentInstallers>
		<mi:Add installerType="Composite.Core.PackageSystem.PackageFragmentInstallers.ConfigurationTransformationPackageFragmentInstaller, Composite" uninstallerType="Composite.Core.PackageSystem.PackageFragmentInstallers.ConfigurationTransformationPackageFragmentUninstaller, Composite">
			<Install xsltFilePath="~\Composite.config\Install.xsl" />
			<Uninstall xsltFilePath="~\Composite.config\Uninstall.xsl" />
		</mi:Add>
		<mi:Add installerType="Composite.Core.PackageSystem.PackageFragmentInstallers.FilePackageFragmentInstaller, Composite" uninstallerType="Composite.Core.PackageSystem.PackageFragmentInstallers.FilePackageFragmentUninstaller, Composite">
			<Files>
				<File sourceFilename="~\Composite\InstalledPackages\localization\Orckestra.ExperienceManagement.FeaturedProducts.en-US.xml" targetFilename="~\Composite\InstalledPackages\localization\Orckestra.ExperienceManagement.FeaturedProducts.en-US.xml" allowOverwrite="false" />
				<File sourceFilename="~\Composite\InstalledPackages\localization\Orckestra.ExperienceManagement.FeaturedProducts.fr-FR.xml" targetFilename="~\Composite\InstalledPackages\localization\Orckestra.ExperienceManagement.FeaturedProducts.fr-FR.xml" allowOverwrite="false" />
				<File sourceFilename="~\Bin\Orckestra.ExperienceManagement.FeaturedProducts.dll" targetFilename="~\Bin\Orckestra.ExperienceManagement.FeaturedProducts.dll" allowOverwrite="false" />
			</Files>
			<Directories>
				<Directory sourceDirectory="~\Composite\InstalledPackages\ExperienceManagement.FeaturedProducts\" targetDirectory="~\Composite\InstalledPackages\ExperienceManagement.FeaturedProducts\" allowOverwrite="true" deleteTargetDirectory="false" />
			</Directories>
		</mi:Add>
	</mi:PackageFragmentInstallers>
</mi:PackageInstaller>