<?xml version="1.0" standalone="yes"?>
<mi:PackageInstaller xmlns:mi="http://www.composite.net/ns/management/packageinstaller/1.0">
	<mi:PackageRequirements minimumCompositeVersion="5.2.0.0" maximumCompositeVersion="9.9999.9999.9999" />
	<mi:PackageInformation name="Orckestra.ExperienceManagement" groupName="Orckestra.ExperienceManagement" version="3.15.0" author="Orckestra Inc." website="https://www.orckestra.com/" readMoreUrl="-" id="93b0e3b2-0cbf-482b-8231-a38d81043683" canBeUninstalled="false" systemLocking="hard" flushOnCompletion="true" reloadConsoleOnCompletion="true">
		<TechnicalDetails>-</TechnicalDetails>
		<Description>-</Description>
	</mi:PackageInformation>
	<mi:PackageFragmentInstallerBinaries />
	<mi:PackageFragmentInstallers>
		<mi:Add installerType="Composite.Core.PackageSystem.PackageFragmentInstallers.FileXslTransformationPackageFragmentInstaller, Composite" uninstallerType="Composite.Core.PackageSystem.PackageFragmentInstallers.FileXslTransformationPackageFragmentUninstaller, Composite">
			<XslFiles>
				<XslFile pathXml="~/Web.config" installXsl="~\Web.config\Install.xsl" />
			</XslFiles>
		</mi:Add>
		<mi:Add installerType="Composite.Core.PackageSystem.PackageFragmentInstallers.FilePackageFragmentInstaller, Composite" uninstallerType="Composite.Core.PackageSystem.PackageFragmentInstallers.FilePackageFragmentUninstaller, Composite">
			<Files>
				<File sourceFilename="~\Bin\Orckestra.ExperienceManagement.dll" targetFilename="~\Bin\Orckestra.ExperienceManagement.dll" allowOverwrite="true" />
        <File sourceFilename="~\Bin\Orckestra.ExperienceManagement.AppSelector.dll" targetFilename="~\Bin\Orckestra.ExperienceManagement.AppSelector.dll" allowOverwrite="true" />

				<File sourceFilename="~\Composite\content\branding\start-page-content-branded.inc" targetFilename="~\Composite\content\branding\start-page-content-branded.inc" allowOverwrite="true" />
				<File sourceFilename="~\Composite\content\branding\start-page-js-branded.inc" targetFilename="~\Composite\content\branding\start-page-js-branded.inc" allowOverwrite="true" />

				<File sourceFilename="~\Views\web.config" targetFilename="~\Views\web.config" onlyAdd="true" />
				
				<File sourceFilename="~\App_Config\ExperienceManagement.config" targetFilename="~\App_Config\ExperienceManagement.config" onlyAdd="true" />

				<File sourceFilename="~\UI.Package\LocalizedStrings\temp.txt" targetFilename="~\UI.Package\LocalizedStrings\temp.txt" onlyAdd="true"/>
			</Files>
			<Directories>
				<Directory sourceDirectory="~\Composite\content\views\start\" targetDirectory="~\Composite\content\views\start\" allowOverwrite="true" deleteTargetDirectory="false" />
        <Directory sourceDirectory="~\Views\Application\" targetDirectory="~\Views\Application\" allowOverwrite="true" deleteTargetDirectory="false" />
			</Directories>
		</mi:Add>

		<mi:Add installerType="Composite.Core.PackageSystem.PackageFragmentInstallers.DllPackageFragmentInstaller, Composite" uninstallerType="Composite.Core.PackageSystem.PackageFragmentInstallers.DllPackageFragmentUninstaller, Composite">
			<Files>
				<File sourceFilename="~\Bin\Autofac.dll" targetFilename="~\Bin\Autofac.dll" allowOverwrite="true" />
				<File sourceFilename="~\Bin\Autofac.Integration.Mvc.dll" targetFilename="~\Bin\Autofac.Integration.Mvc.dll" allowOverwrite="true" />
				<File sourceFilename="~\Bin\Autofac.Integration.WebApi.dll" targetFilename="~\Bin\Autofac.Integration.WebApi.dll" allowOverwrite="true" />
				<File sourceFilename="~\Bin\Fasterflect.dll" targetFilename="~\Bin\Fasterflect.dll" allowOverwrite="true" />
				<File sourceFilename="~\Bin\Handlebars.dll" targetFilename="~\Bin\Handlebars.dll" allowOverwrite="true" />
				<File sourceFilename="~\Bin\Newtonsoft.Json.dll" targetFilename="~\Bin\Newtonsoft.Json.dll" allowOverwrite="true" />
				<File sourceFilename="~\Bin\Orckestra.Caching.dll" targetFilename="~\Bin\Orckestra.Caching.dll" allowOverwrite="true" />
				<File sourceFilename="~\Bin\Orckestra.Composer.dll" targetFilename="~\Bin\Orckestra.Composer.dll" allowOverwrite="true" />
				<File sourceFilename="~\Bin\Orckestra.Overture.Interfaces.dll" targetFilename="~\Bin\Orckestra.Overture.Interfaces.dll" allowOverwrite="true" />
				<File sourceFilename="~\Bin\Orckestra.Overture.RestClient.dll" targetFilename="~\Bin\Orckestra.Overture.RestClient.dll" allowOverwrite="true" />
				<File sourceFilename="~\Bin\Orckestra.Overture.ServiceModel.dll" targetFilename="~\Bin\Orckestra.Overture.ServiceModel.dll" allowOverwrite="true" />
				<File sourceFilename="~\Bin\ServiceStack.Client.dll" targetFilename="~\Bin\ServiceStack.Client.dll" allowOverwrite="true" />
				<File sourceFilename="~\Bin\ServiceStack.Interfaces.dll" targetFilename="~\Bin\ServiceStack.Interfaces.dll" allowOverwrite="true" />
				<File sourceFilename="~\Bin\ServiceStack.Text.dll" targetFilename="~\Bin\ServiceStack.Text.dll" allowOverwrite="true" />
				<File sourceFilename="~\Bin\System.Net.Http.Formatting.dll" targetFilename="~\Bin\System.Net.Http.Formatting.dll" allowOverwrite="true" />
				<File sourceFilename="~\Bin\System.Web.Http.dll" targetFilename="~\Bin\System.Web.Http.dll" allowOverwrite="true" />
				<File sourceFilename="~\Bin\System.Web.Http.WebHost.dll" targetFilename="~\Bin\System.Web.Http.WebHost.dll" allowOverwrite="true" />
				<File sourceFilename="~\Bin\System.Web.Mvc.dll" targetFilename="~\Bin\System.Web.Mvc.dll" allowOverwrite="true" />
				<File sourceFilename="~\Bin\System.Web.Optimization.dll" targetFilename="~\Bin\System.Web.Optimization.dll" allowOverwrite="true" />
				<File sourceFilename="~\Bin\Microsoft.Practices.EnterpriseLibrary.SemanticLogging.dll" targetFilename="~\Bin\Microsoft.Practices.EnterpriseLibrary.SemanticLogging.dll" allowOverwrite="true" />
			</Files>
		</mi:Add>

	</mi:PackageFragmentInstallers>
</mi:PackageInstaller>