﻿<?xml version="1.0" encoding="utf-8" ?>
<Options>
    <Option  CssClassKey="btn-default" Label="Default"></Option>
    <Option  CssClassKey="btn-primary" Label="Primary"></Option>
    <Option  CssClassKey="btn-info" Label="Info"></Option>
    <Option  CssClassKey="btn-success" Label="Success"></Option>
    <Option  CssClassKey="btn-warning" Label="Warning"></Option>
    <Option  CssClassKey="btn-danger" Label="Danger"></Option>
    <Option  CssClassKey="btn-dark" Label="Dark"></Option>
</Options>
