﻿<?xml version="1.0" encoding="utf-8"?>
<strings>
  <string key="KeywordRedirect" value="Redirection des mots-clés " />
  <string key="KeywordEdit" value="Modifier" />
  <string key="KeywordAdd" value="Ajouter" />
  <string key="KeywordDelete" value="Supprimer" />
  <string key="KeywordTitle" value="Redirection des mots-clés" />
  <string key="ViewKeywords" value="Afficher" />
  <string key="KeywordLabel" value="Mot-clé" />
  <string key="KeywordTooltip" value="" />
  <string key="LandingPageLabel" value="Page de destination" />
  <string key="LandingPageTooltip" value="" />
  <string key="RedirectByKeywordParamLabel" value="" />
  <string key="RedirectByKeywordParamTooltip" value="" />
  <string key="RedirectByKeywordDescription" value="" />
</strings>