﻿<?xml version="1.0" encoding="utf-8"?>
<strings>
  <string key="KeywordRedirect" value="Search Keyword Redirect" />
  <string key="KeywordEdit" value="Edit" />
  <string key="KeywordAdd" value="Add" />
  <string key="KeywordDelete" value="Delete" />
  <string key="KeywordTitle" value="Keyword Redirect" />
  <string key="ViewKeywords" value="View" />
  <string key="KeywordLabel" value="Keyword" />
  <string key="KeywordTooltip" value="" />
  <string key="LandingPageLabel" value="Landing Page" />
  <string key="LandingPageTooltip" value="" />
  <string key="RedirectByKeywordParamLabel" value="Query String Parameter" />
  <string key="RedirectByKeywordParamTooltip" value="Default value is 'keywords'" />
  <string key="RedirectByKeywordDescription" value="Redirect to the landing page by keyword" />
  
</strings>