<?xml version="1.0" standalone="yes"?>
<mi:PackageInstaller xmlns:mi="http://www.composite.net/ns/management/packageinstaller/1.0">
	<mi:PackageRequirements minimumCompositeVersion="5.0.0.0" maximumCompositeVersion="9.9999.9999.9999" />
	<mi:PackageInformation name="Orckestra.ExperienceManagement.TestConfiguration" groupName="Orckestra.ExperienceManagement" version="1.0.1" author="-" website="http://xpcteam01.cph.orckestra.local/" readMoreUrl="-" id="3a026e05-e495-49a1-aa23-2ce75e6726f4" canBeUninstalled="true" systemLocking="hard" flushOnCompletion="true">
		<TechnicalDetails>-</TechnicalDetails>
		<Description>-</Description>
	</mi:PackageInformation>
	<mi:PackageFragmentInstallerBinaries />
	<mi:PackageFragmentInstallers>
		<mi:Add installerType="Composite.Core.PackageSystem.PackageFragmentInstallers.FileXslTransformationPackageFragmentInstaller, Composite" uninstallerType="Composite.Core.PackageSystem.PackageFragmentInstallers.FileXslTransformationPackageFragmentUninstaller, Composite">
			<XslFiles>
				<XslFile pathXml="~/Web.config" installXsl="~\Web.config\Install.xsl" uninstallXsl="~\Web.config\Uninstall.xsl" />
				<XslFile pathXml="~/App_Config/Composer.config" installXsl="~\Composer.config\Install.xsl" uninstallXsl="~\Composer.config\Uninstall.xsl" />
				<XslFile pathXml="~/App_Config/ExperienceManagement.config" installXsl="~\ExperienceManagement.config\Install.xsl" uninstallXsl="~\ExperienceManagement.config\Uninstall.xsl" skipIfNotExist="true" />
			</XslFiles>
		</mi:Add>
	</mi:PackageFragmentInstallers>
</mi:PackageInstaller>