<?xml version="1.0" standalone="yes"?>
<mi:PackageInstaller xmlns:mi="http://www.composite.net/ns/management/packageinstaller/1.0">
                <mi:PackageRequirements minimumCompositeVersion="4.3.5611.30389" maximumCompositeVersion="9.9999.9999.9999" />
                <mi:PackageInformation name="Composer.C1.Content.FR_CA" groupName="Composer" version="1.0.0" author="Orckestra" website="http://composer-c1-cm-dev.orckestra.local/" readMoreUrl="http://composer-c1-cm-dev.orckestra.local/" id="f77d9b8c-2990-4965-902d-ee4db85bcbe3" canBeUninstalled="true" systemLocking="hard" flushOnCompletion="false">
                                <TechnicalDetails>NT</TechnicalDetails>
                                <Description>NT</Description>
                </mi:PackageInformation>
                <mi:PackageFragmentInstallerBinaries />
                <mi:PackageFragmentInstallers>
                                <mi:Add installerType="Composite.Core.PackageSystem.PackageFragmentInstallers.DataPackageFragmentInstaller, Composite" uninstallerType="Composite.Core.PackageSystem.PackageFragmentInstallers.DataPackageFragmentUninstaller, Composite">
                                                <Types>
        <!--Type type="Composite.Data.Types.IPageStructure,Composite">
          <Data dataScopeIdentifier="public" dataFilename="~\Datas\Composite.Data.Types.IPageStructures_public.xml" />
        </Type-->
                                                                <Type type="Composite.Data.Types.IPage,Composite">
                                                                                <Data dataScopeIdentifier="administrated" locale="fr-CA" dataFilename="~\Datas\Composite.Data.Types.IPages_administrated.xml" />
                                                                </Type>
                                                                <Type type="Composite.Data.Types.IPage,Composite">
                                                                                <Data dataScopeIdentifier="public" locale="fr-CA" dataFilename="~\Datas\Composite.Data.Types.IPages_public.xml" />
                                                                </Type>
                                                                <Type type="Orckestra.Composer.CompositeC1.Pages.ComposerImage,Orckestra.Composer.CompositeC1">
                                                                                <Data dataScopeIdentifier="public" locale="fr-CA" dataFilename="~\Datas\Orckestra.Composer.CompositeC1.Pages.ComposerImages_public.xml" />
                                                                </Type>
                                                                <Type type="Composite.Data.Types.IPagePlaceholderContent,Composite">
                                                                                <Data dataScopeIdentifier="administrated" locale="fr-CA" dataFilename="~\Datas\Composite.Data.Types.IPagePlaceholderContents_administrated.xml" />
                                                                </Type>
                                                                <Type type="Composite.Data.Types.IPagePlaceholderContent,Composite">
                                                                                <Data dataScopeIdentifier="public" locale="fr-CA" dataFilename="~\Datas\Composite.Data.Types.IPagePlaceholderContents_public.xml" />
                                                                </Type>
                                                                <Type type="Orckestra.Composer.CompositeC1.Pages.CheckoutStepInfoPage,Orckestra.Composer.CompositeC1">
                                                                                <Data dataScopeIdentifier="administrated" locale="fr-CA" dataFilename="~\Datas\Orckestra.Composer.CompositeC1.Pages.CheckoutStepInfoPages_administrated.xml" />
                                                                </Type>
                                                                <Type type="Orckestra.Composer.CompositeC1.Pages.CheckoutStepInfoPage,Orckestra.Composer.CompositeC1">
                                                                                <Data dataScopeIdentifier="public" locale="fr-CA" dataFilename="~\Datas\Orckestra.Composer.CompositeC1.Pages.CheckoutStepInfoPages_public.xml" />
                                                                </Type>
        <Type type="Orckestra.Composer.CompositeC1.DataTypes.UrlTarget,Orckestra.Composer.CompositeC1.DataTypes">
          <Data dataScopeIdentifier="public" locale="fr-CA" dataFilename="~\Datas\Composite.Data.Types.TargetUrlElements_public.xml" />
          <Data dataScopeIdentifier="administrated" locale="fr-CA" dataFilename="~\Datas\Composite.Data.Types.TargetUrlElements_public.xml" />
        </Type>
        <Type type="Orckestra.Composer.CompositeC1.DataTypes.CssStyle,Orckestra.Composer.CompositeC1.DataTypes">
          <Data dataScopeIdentifier="public" locale="fr-CA" dataFilename="~\Datas\Composite.Data.Types.CssStyleElements_public.xml" />
          <Data dataScopeIdentifier="administrated" locale="fr-CA" dataFilename="~\Datas\Composite.Data.Types.CssStyleElements_public.xml" />
        </Type>
        <Type type="Orckestra.Composer.CompositeC1.DataTypes.Navigation.MainMenu,Orckestra.Composer.CompositeC1.DataTypes">
          <Data dataScopeIdentifier="public" locale="fr-CA" dataFilename="~\Datas\Composite.Data.Types.Navigation.NavigationElements.Header_public.xml" />
          <Data dataScopeIdentifier="administrated" locale="fr-CA" dataFilename="~\Datas\Composite.Data.Types.Navigation.NavigationElements.Header_public.xml" />
        </Type>
        <Type type="Orckestra.Composer.CompositeC1.DataTypes.Navigation.StickyHeader,Orckestra.Composer.CompositeC1.DataTypes">
          <Data dataScopeIdentifier="public" locale="fr-CA" dataFilename="~\Datas\Composite.Data.Types.Navigation.NavigationElements.StickyHeader_public.xml" />
          <Data dataScopeIdentifier="administrated" locale="fr-CA" dataFilename="~\Datas\Composite.Data.Types.Navigation.NavigationElements.StickyHeader_public.xml" />
        </Type>
        <Type type="Orckestra.Composer.CompositeC1.DataTypes.Navigation.FooterOptionalLink,Orckestra.Composer.CompositeC1.DataTypes">
          <Data dataScopeIdentifier="public" locale="fr-CA" dataFilename="~\Datas\Composite.Data.Types.Navigation.FooterOptionalLink_public.xml" />
          <Data dataScopeIdentifier="administrated" locale="fr-CA" dataFilename="~\Datas\Composite.Data.Types.Navigation.FooterOptionalLink_public.xml" />
        </Type>
        <Type type="Orckestra.Composer.CompositeC1.DataTypes.Navigation.Footer,Orckestra.Composer.CompositeC1.DataTypes">
          <Data dataScopeIdentifier="public" locale="fr-CA" dataFilename="~\Datas\Composite.Data.Types.Navigation.NavigationElements.Footer_public.xml" />
          <Data dataScopeIdentifier="administrated" locale="fr-CA" dataFilename="~\Datas\Composite.Data.Types.Navigation.NavigationElements.Footer_public.xml" />
        </Type>                      
                                </Types>
                                </mi:Add>
                </mi:PackageFragmentInstallers>
</mi:PackageInstaller>
