<?xml version="1.0" standalone="yes"?>
<mi:PackageInstaller xmlns:mi="http://www.composite.net/ns/management/packageinstaller/1.0">
	<mi:PackageRequirements minimumCompositeVersion="5.0.0.0" maximumCompositeVersion="9.9999.9999.9999" />
	<mi:PackageInformation name="Orckestra.Web.Html.LinkButton.DefaultContent" groupName="Orckestra.Web" version="1.0.1" author="Orckestra" website="https://cms.orckestra.com/" readMoreUrl="https://cms.orckestra.com/" id="86dd94cb-086d-41d9-9b8b-650db7e9e6b6" canBeUninstalled="true" systemLocking="none" flushOnCompletion="false">
		<TechnicalDetails>-</TechnicalDetails>
		<Description>-</Description>
	</mi:PackageInformation>
	<mi:PackageFragmentInstallerBinaries />
	<mi:PackageFragmentInstallers>
		<mi:Add installerType="Composite.Core.PackageSystem.PackageFragmentInstallers.DataPackageFragmentInstaller, Composite" uninstallerType="Composite.Core.PackageSystem.PackageFragmentInstallers.DataPackageFragmentUninstaller, Composite">
			<Types>
				<Type type="Composite.Data.Types.IPageStructure,Composite">
					<Data dataScopeIdentifier="public" dataFilename="~\Datas\Composite.Data.Types.IPageStructures_public.xml" />
				</Type>
				<Type type="Composite.Data.Types.IPage,Composite">
					<Data dataScopeIdentifier="administrated" locale="?" dataFilename="~\Datas\Composite.Data.Types.IPages_administrated.xml" />
				</Type>
				<Type type="Composite.Data.Types.IPage,Composite">
					<Data dataScopeIdentifier="public" locale="?" dataFilename="~\Datas\Composite.Data.Types.IPages_public.xml" />
				</Type>
				<Type type="Composite.Data.Types.IPagePlaceholderContent,Composite">
					<Data dataScopeIdentifier="administrated" locale="?" dataFilename="~\Datas\Composite.Data.Types.IPagePlaceholderContents_administrated.xml" />
				</Type>
				<Type type="Composite.Data.Types.IPagePlaceholderContent,Composite">
					<Data dataScopeIdentifier="public" locale="?" dataFilename="~\Datas\Composite.Data.Types.IPagePlaceholderContents_public.xml" />
				</Type>
			</Types>
		</mi:Add>
	</mi:PackageFragmentInstallers>
</mi:PackageInstaller>