﻿<?xml version="1.0" encoding="utf-8"?>
<Data>
  <Add Id="15abb272-244c-4186-b8ab-b3e866477d6a" DisplayName="Category 2" Url="~/page(8cbbe0d2-6e2b-4364-ad60-5c89a27ad70a)" Target="af376149-073a-41d9-8f24-8c0b6b1ce4d8" Order="2"    PublicationStatus="published" PageId="f3dbd28d-365f-4d3e-91c3-7b730b39b294" SourceCultureName="fr-CA" />
  <Add Id="291baffb-b0fa-4724-8c94-2defa9dd6127" DisplayName="Category 1" Url="~/page(c558dc03-a8cd-4793-9d15-11bca1474592)" Target="af376149-073a-41d9-8f24-8c0b6b1ce4d8" Order="1"    PublicationStatus="published" PageId="f3dbd28d-365f-4d3e-91c3-7b730b39b294" SourceCultureName="fr-CA" />
  <Add Id="b6980822-ac68-42fd-a4db-c6601294c012" DisplayName="Category 4" Url="http://www.google.com" Target="af376149-073a-41d9-8f24-8c0b6b1ce4d8" Order="1"    PublicationStatus="published" PageId="f3dbd28d-365f-4d3e-91c3-7b730b39b294" SourceCultureName="fr-CA" />
  <Add Id="bf88c5ec-502d-4f2f-a101-e2c3340d9653" DisplayName="Category 3" Url="http://www.google.com" Target="af376149-073a-41d9-8f24-8c0b6b1ce4d8" Order="1"    PublicationStatus="published" PageId="f3dbd28d-365f-4d3e-91c3-7b730b39b294" SourceCultureName="fr-CA" />
  <Add Id="5c56a148-237b-48e4-9414-8e5f9233b53d" DisplayName="Category 2.1" Url="http://www.google.com" Target="af376149-073a-41d9-8f24-8c0b6b1ce4d8" Order="1" ParentId="15abb272-244c-4186-b8ab-b3e866477d6a"    PublicationStatus="published" PageId="f3dbd28d-365f-4d3e-91c3-7b730b39b294" SourceCultureName="fr-CA" />
  <Add Id="1e7cc6a0-921f-45ac-a284-f90a45ce209c" DisplayName="Category 1.2" Url="http://www.google.com" Target="af376149-073a-41d9-8f24-8c0b6b1ce4d8" Order="1" ParentId="291baffb-b0fa-4724-8c94-2defa9dd6127"    PublicationStatus="published" PageId="f3dbd28d-365f-4d3e-91c3-7b730b39b294" SourceCultureName="fr-CA" />
  <Add Id="cfb78979-0559-42ee-ae4a-3bd46de896b6" DisplayName="Category 1.1" Url="http://www.google.com" Target="af376149-073a-41d9-8f24-8c0b6b1ce4d8" Order="1"  ParentId="291baffb-b0fa-4724-8c94-2defa9dd6127"    PublicationStatus="published" PageId="f3dbd28d-365f-4d3e-91c3-7b730b39b294" SourceCultureName="fr-CA" />
  <Add Id="80dff080-3405-472f-a99d-9464d3519de2" DisplayName="Category 1.1.1" Url="http://www.google.com" Target="af376149-073a-41d9-8f24-8c0b6b1ce4d8" Order="1" ParentId="cfb78979-0559-42ee-ae4a-3bd46de896b6"    PublicationStatus="published" PageId="f3dbd28d-365f-4d3e-91c3-7b730b39b294" SourceCultureName="fr-CA" />
  <Add Id="9fe415da-c9f7-4ff7-878b-4df509f14881" DisplayName="Category 1.2.1" Url="http://www.google.com" Target="af376149-073a-41d9-8f24-8c0b6b1ce4d8" Order="1" ParentId="1e7cc6a0-921f-45ac-a284-f90a45ce209c"    PublicationStatus="published" PageId="f3dbd28d-365f-4d3e-91c3-7b730b39b294" SourceCultureName="fr-CA" />
  <Add Id="52f9452f-c777-4706-8b32-09718c435811" DisplayName="Category 1.1.1.1" Url="http://www.google.com" Target="af376149-073a-41d9-8f24-8c0b6b1ce4d8" Order="1" ParentId="80dff080-3405-472f-a99d-9464d3519de2"    PublicationStatus="published" PageId="f3dbd28d-365f-4d3e-91c3-7b730b39b294" SourceCultureName="fr-CA" />
</Data>

