﻿<?xml version="1.0" encoding="utf-8"?>
<Data>
  <Add Id="b3aba631-f426-4026-b2c2-b3197fcf3140" TemplateId="bcd1d2ed-808b-4bf3-8394-b381cd5ce6fd" PageTypeId="f64fe76f-bb5a-4b6d-9499-e81762f25db6" Title="Produit" MenuTitle="Produit" UrlTitle="Produit" FriendlyUrl="" Description="" ChangeDate="2016-02-08 14:30:12Z" ChangedBy="admin" PublicationStatus="published" SourceCultureName="fr-CA" />
  <Add Id="8cbbe0d2-6e2b-4364-ad60-5c89a27ad70a" TemplateId="bcd1d2ed-808b-4bf3-8394-b381cd5ce6fd" PageTypeId="a014b691-fc87-42c1-b664-84e0b951e4ed" Title="Rechercher" MenuTitle="Rechercher" UrlTitle="Rechercher" FriendlyUrl="" Description="" ChangeDate="2016-02-08 14:30:12Z" ChangedBy="admin" PublicationStatus="published" SourceCultureName="fr-CA" />
  <Add Id="c558dc03-a8cd-4793-9d15-11bca1474592" TemplateId="bcd1d2ed-808b-4bf3-8394-b381cd5ce6fd" PageTypeId="593bc135-033e-4c76-ba03-04dbc31405f4" Title="Panier" MenuTitle="Panier" UrlTitle="Panier" FriendlyUrl="" Description="" ChangeDate="2016-02-08 14:30:12Z" ChangedBy="admin" PublicationStatus="published" SourceCultureName="fr-CA" />
  <Add Id="200eb67f-65fe-4dc1-92f1-1628efacaa54" TemplateId="bcd1d2ed-808b-4bf3-8394-b381cd5ce6fd" PageTypeId="67d26e71-a331-43c7-8a84-5a94234da4b6" Title="Connexion" MenuTitle="Connexion" UrlTitle="Connexion" FriendlyUrl="" Description="" ChangeDate="2016-02-08 14:30:12Z" ChangedBy="admin" PublicationStatus="published" SourceCultureName="fr-CA" />
  <Add Id="be605ad2-54d0-43a8-a3fe-88546c70b890" TemplateId="fde5e0aa-8784-409b-9604-903c121ae474" PageTypeId="916a50c8-6044-46d0-8c47-13c88f8b0d25" Title="Change mot de passe" MenuTitle="Changer mot de passe" UrlTitle="changer-motdepasse" FriendlyUrl="" Description="" ChangeDate="2016-02-08 14:30:12Z" ChangedBy="admin" PublicationStatus="published" SourceCultureName="fr-CA" />
  <Add Id="eb5f4580-ff7d-4384-84c9-855a1e9508e0" TemplateId="fde5e0aa-8784-409b-9604-903c121ae474" PageTypeId="916a50c8-6044-46d0-8c47-13c88f8b0d25" Title="Ajouter une adresse" MenuTitle="Ajouter une adresse" UrlTitle="ajouter" FriendlyUrl="" Description="" ChangeDate="2016-02-08 14:30:12Z" ChangedBy="admin" PublicationStatus="published" SourceCultureName="fr-CA" />
  <Add Id="01ad151e-fb67-4899-af29-be1a221fddc0" TemplateId="fde5e0aa-8784-409b-9604-903c121ae474" PageTypeId="916a50c8-6044-46d0-8c47-13c88f8b0d25" Title="Modifier l'adresse" MenuTitle="Modifier l'adresse" UrlTitle="modifier" FriendlyUrl="" Description="" ChangeDate="2016-02-08 14:30:12Z" ChangedBy="admin" PublicationStatus="published" SourceCultureName="fr-CA" />
  <Add Id="cf2c83d0-f72f-4d48-a856-fc9244bd4ca3" TemplateId="fde5e0aa-8784-409b-9604-903c121ae474" PageTypeId="916a50c8-6044-46d0-8c47-13c88f8b0d25" Title="Mes Adresses" MenuTitle="Mes Adresses" UrlTitle="adresses" FriendlyUrl="" Description="" ChangeDate="2016-02-08 14:30:12Z" ChangedBy="admin" PublicationStatus="published" SourceCultureName="fr-CA" />
  <Add Id="c4cc1194-0948-4f93-8a2e-519d78b66255" TemplateId="fde5e0aa-8784-409b-9604-903c121ae474" PageTypeId="916a50c8-6044-46d0-8c47-13c88f8b0d25" Title="Détails de la Commande" MenuTitle="Détails de la Commande" UrlTitle="details-commande" FriendlyUrl="" Description="" ChangeDate="2016-02-08 14:30:12Z" ChangedBy="admin" PublicationStatus="published" SourceCultureName="fr-CA" />
  <Add Id="add1bd26-ce89-4cc1-896c-ab5bbadf1c74" TemplateId="fde5e0aa-8784-409b-9604-903c121ae474" PageTypeId="916a50c8-6044-46d0-8c47-13c88f8b0d25" Title="Mes commandes" MenuTitle="Mes commandes" UrlTitle="mes-commandes" FriendlyUrl="" Description="" ChangeDate="2016-02-08 14:30:12Z" ChangedBy="admin" PublicationStatus="published" SourceCultureName="fr-CA" />
  <Add Id="aa722e1e-d8c5-4a22-90a7-1d035972acfa" TemplateId="fde5e0aa-8784-409b-9604-903c121ae474" PageTypeId="916a50c8-6044-46d0-8c47-13c88f8b0d25" Title="Mon compte" MenuTitle="Mon compte" UrlTitle="mon-compte" FriendlyUrl="" Description="" ChangeDate="2016-02-08 14:30:12Z" ChangedBy="admin" PublicationStatus="published" SourceCultureName="fr-CA" />
  <Add Id="e90e0d35-de67-4e8a-a03e-52529cdb437f" TemplateId="5c20ecad-0ea5-4009-be5f-b2fbf1a9ed66" PageTypeId="593bc135-033e-4c76-ba03-04dbc31405f4" Title="Méthode de livraison" MenuTitle="Méthode de livraison" UrlTitle="methode-livraison" FriendlyUrl="" Description="" ChangeDate="2016-02-08 14:30:12Z" ChangedBy="admin" PublicationStatus="published" SourceCultureName="fr-CA" />
  <Add Id="ec6d3c9c-6d05-4b0f-addd-4ee1ef86b69f" TemplateId="5c20ecad-0ea5-4009-be5f-b2fbf1a9ed66" PageTypeId="593bc135-033e-4c76-ba03-04dbc31405f4" Title="Adresse de livraison" MenuTitle="Adresse de livraison" UrlTitle="adresse-livraison" FriendlyUrl="" Description="" ChangeDate="2016-02-08 14:30:12Z" ChangedBy="admin" PublicationStatus="published" SourceCultureName="fr-CA" />
  <Add Id="571e734c-57a8-4d99-9c05-754bc1f31f2a" TemplateId="5c20ecad-0ea5-4009-be5f-b2fbf1a9ed66" PageTypeId="593bc135-033e-4c76-ba03-04dbc31405f4" Title="Révision &amp; Paiement" MenuTitle="Révision &amp; Paiement" UrlTitle="revision-paiement" FriendlyUrl="" Description="" ChangeDate="2016-02-08 14:30:12Z" ChangedBy="admin" PublicationStatus="published" SourceCultureName="fr-CA" />
  <Add Id="6cb21c3a-d72f-4ef8-9ee7-a6046ba646b5" TemplateId="bcd1d2ed-808b-4bf3-8394-b381cd5ce6fd" PageTypeId="593bc135-033e-4c76-ba03-04dbc31405f4" Title="Confirmation" MenuTitle="Confirmation" UrlTitle="confirmation" FriendlyUrl="" Description="" ChangeDate="2016-02-08 14:30:12Z" ChangedBy="admin" PublicationStatus="published" SourceCultureName="fr-CA" />
  <Add Id="b6284e71-394d-4e22-abf3-08afb0493745" TemplateId="bcd1d2ed-808b-4bf3-8394-b381cd5ce6fd" PageTypeId="67d26e71-a331-43c7-8a84-5a94234da4b6" Title="Connexion" MenuTitle="Connexion" UrlTitle="connexion" FriendlyUrl="" Description="" ChangeDate="2016-02-08 14:30:12Z" ChangedBy="admin" PublicationStatus="published" SourceCultureName="fr-CA" />
  <Add Id="9171940c-a854-4db3-997b-793082e8030b" TemplateId="5c20ecad-0ea5-4009-be5f-b2fbf1a9ed66" PageTypeId="67d26e71-a331-43c7-8a84-5a94234da4b6" Title="Ajouter une adresse" MenuTitle="Ajouter une adresse" UrlTitle="ajouter-addresse" FriendlyUrl="" Description="" ChangeDate="2016-02-08 14:30:12Z" ChangedBy="admin" PublicationStatus="published" SourceCultureName="fr-CA" />
  <Add Id="4b6dcc4b-a1c0-4ed6-8ad4-fee97bb707a7" TemplateId="5c20ecad-0ea5-4009-be5f-b2fbf1a9ed66" PageTypeId="67d26e71-a331-43c7-8a84-5a94234da4b6" Title="Modifier l'adresse" MenuTitle="Modifier l'adresse" UrlTitle="modifier-adresse" FriendlyUrl="" Description="" ChangeDate="2016-02-08 14:30:12Z" ChangedBy="admin" PublicationStatus="published" SourceCultureName="fr-CA" />
  <Add Id="3ebe528c-199d-4da1-9e81-1d541541aaf4" TemplateId="bcd1d2ed-808b-4bf3-8394-b381cd5ce6fd" PageTypeId="9a89191f-fc93-47ee-8b9b-022611c37fa6" Title="Caisse" MenuTitle="Caisse" UrlTitle="caisse" FriendlyUrl="" Description="" ChangeDate="2016-02-08 14:30:12Z" ChangedBy="admin" PublicationStatus="published" SourceCultureName="fr-CA" />
  <Add Id="8f96397a-efeb-4490-b3b8-cd0132d2326e" TemplateId="bcd1d2ed-808b-4bf3-8394-b381cd5ce6fd" PageTypeId="67d26e71-a331-43c7-8a84-5a94234da4b6" Title="Termes Et Conditions" MenuTitle="Termes Et Conditions" UrlTitle="termes-et-conditions" FriendlyUrl="" Description="" ChangeDate="2016-02-08 14:30:12Z" ChangedBy="admin" PublicationStatus="published" SourceCultureName="fr-CA" />
  <Add Id="de35d3fb-8c85-4b3a-bdbb-5d57fb20e10e" TemplateId="bcd1d2ed-808b-4bf3-8394-b381cd5ce6fd" PageTypeId="67d26e71-a331-43c7-8a84-5a94234da4b6" Title="Création de compte" MenuTitle="Création de compte" UrlTitle="creation-compte" FriendlyUrl="" Description="" ChangeDate="2016-02-08 14:30:12Z" ChangedBy="admin" PublicationStatus="published" SourceCultureName="fr-CA" />
  <Add Id="d6264f2f-c475-41ef-acf4-9bd3f10da8b4" TemplateId="bcd1d2ed-808b-4bf3-8394-b381cd5ce6fd" PageTypeId="67d26e71-a331-43c7-8a84-5a94234da4b6" Title="Mot de passe oublié?" MenuTitle="Reinitialiser Mot de passe" UrlTitle="reinitialiser-motdepasse" FriendlyUrl="" Description="" ChangeDate="2016-02-08 14:30:12Z" ChangedBy="admin" PublicationStatus="published" SourceCultureName="fr-CA" />
  <Add Id="84361534-86b5-4fc7-81d4-87542daed5b8" TemplateId="bcd1d2ed-808b-4bf3-8394-b381cd5ce6fd" PageTypeId="67d26e71-a331-43c7-8a84-5a94234da4b6" Title="Mot de passe oublié?" MenuTitle="Mot de passe oublié" UrlTitle="motdepasse-oublie" FriendlyUrl="" Description="" ChangeDate="2016-02-08 14:30:12Z" ChangedBy="admin" PublicationStatus="published" SourceCultureName="fr-CA" />
  <Add Id="48d7be18-3954-4fd2-9e18-e11fa4407901" TemplateId="bcd1d2ed-808b-4bf3-8394-b381cd5ce6fd" PageTypeId="916a50c8-6044-46d0-8c47-13c88f8b0d25" Title="Détails de la commande" MenuTitle="Détails de la commande" UrlTitle="details-commande" FriendlyUrl="" Description="" ChangeDate="2016-02-08 14:35:00Z" ChangedBy="admin" PublicationStatus="published" SourceCultureName="fr-CA" />
  <Add Id="a4d5e201-b70e-42d5-83fb-3b837613155c" TemplateId="bcd1d2ed-808b-4bf3-8394-b381cd5ce6fd" PageTypeId="916a50c8-6044-46d0-8c47-13c88f8b0d25" Title="Suivi de commande" MenuTitle="Suivi de commande" UrlTitle="suivi-commande" FriendlyUrl="" Description="" ChangeDate="2016-02-08 14:34:52Z" ChangedBy="admin" PublicationStatus="published" SourceCultureName="fr-CA" />
  <Add Id="f3dbd28d-365f-4d3e-91c3-7b730b39b294" TemplateId="bcd1d2ed-808b-4bf3-8394-b381cd5ce6fd" PageTypeId="67d26e71-a331-43c7-8a84-5a94234da4b6" Title="Composer" MenuTitle="Accueil" UrlTitle="" FriendlyUrl="" Description="" ChangeDate="2016-02-08 14:30:12Z" ChangedBy="admin" PublicationStatus="published" SourceCultureName="fr-CA" />
    <Add Id="0ac9d403-ac27-468e-94ac-9f70bfefd063" TemplateId="bcd1d2ed-808b-4bf3-8394-b381cd5ce6fd" PageTypeId="67d26e71-a331-43c7-8a84-5a94234da4b6" Title="Store" MenuTitle="Store" UrlTitle="s" FriendlyUrl="" Description="" ChangeDate="2016-02-17 14:51:01Z" ChangedBy="admin" PublicationStatus="published" SourceCultureName="fr-CA" />
    <Add Id="63fc5bc5-55b2-4446-af33-fa3c84604875" TemplateId="bcd1d2ed-808b-4bf3-8394-b381cd5ce6fd" PageTypeId="67d26e71-a331-43c7-8a84-5a94234da4b6" Title="Liste de magasin" MenuTitle="Liste de magasin" UrlTitle="Annuaire" FriendlyUrl="" Description="" ChangeDate="2016-02-17 13:03:36Z" ChangedBy="admin" PublicationStatus="published" SourceCultureName="fr-CA" />
    <Add Id="978f8144-460b-4bf5-832a-9c6d1d08d27b" TemplateId="bcd1d2ed-808b-4bf3-8394-b381cd5ce6fd" PageTypeId="67d26e71-a331-43c7-8a84-5a94234da4b6" Title="Trouvez votre meilleur détail" MenuTitle="Localisateur de magasin" UrlTitle="Magasins" FriendlyUrl="" Description="" ChangeDate="2016-02-11 13:25:20Z" ChangedBy="admin" PublicationStatus="published" SourceCultureName="fr-CA" />
    <Add Id="09625722-6d35-4c8d-a374-203167f887e5" TemplateId="fde5e0aa-8784-409b-9604-903c121ae474" PageTypeId="916a50c8-6044-46d0-8c47-13c88f8b0d25" Title="Ma liste de souhaits" MenuTitle="Ma liste de souhaits" UrlTitle="liste-de-souhaits" FriendlyUrl="" Description="" ChangeDate="2016-04-15 17:41:03Z" ChangedBy="admin" PublicationStatus="published" SourceCultureName="fr-CA" />
    <Add Id="d52af03f-d5c9-4d8d-aa5c-917982ea112c" TemplateId="bcd1d2ed-808b-4bf3-8394-b381cd5ce6fd" PageTypeId="67d26e71-a331-43c7-8a84-5a94234da4b6" Title="Liste de souhaits publique" MenuTitle="Liste de souhaits publique" UrlTitle="sharedwishlist" FriendlyUrl="" Description="" ChangeDate="2016-04-18 13:23:09Z" ChangedBy="admin" PublicationStatus="published" SourceCultureName="fr-CA" />
    <Add Id="7f2d9118-b941-46ea-862d-808d4bd0052a" TemplateId="bcd1d2ed-808b-4bf3-8394-b381cd5ce6fd" PageTypeId="67d26e71-a331-43c7-8a84-5a94234da4b6" Title="404 Page" MenuTitle="Page Not Found" UrlTitle="404" FriendlyUrl="" Description="" ChangeDate="2016-06-03 16:45:36Z" ChangedBy="admin" PublicationStatus="published" SourceCultureName="fr-CA" />
</Data>