<?xml version="1.0" standalone="yes"?>
<mi:PackageInstaller xmlns:mi="http://www.composite.net/ns/management/packageinstaller/1.0">
	<mi:PackageRequirements minimumCompositeVersion="6.4.0.0" maximumCompositeVersion="9.9999.9999.9999" />
	<mi:PackageInformation name="Orckestra.ExperienceManagement.WsFederation" groupName="Orckestra.ExperienceManagement" version="1.0.6" author="Orckestra A/S" website="-" readMoreUrl="-" id="b437c503-a744-496a-bb2a-ff655228bfc1" canBeUninstalled="true" systemLocking="hard" flushOnCompletion="true">
		<TechnicalDetails>Enables federated login functionality in C1 CMS using WsFederationAuthenticationModule and role claims from Orckestrator</TechnicalDetails>
		<Description>-</Description>
	</mi:PackageInformation>
  <mi:PackageFragmentInstallerBinaries>
    <mi:Add path="~\Bin\Orckestra.ExperienceManagement.WsFederation.dll" />
		<mi:Add path="~\Bin\Orckestra.ExperienceManagement.WsFederation.Package.dll" />
  </mi:PackageFragmentInstallerBinaries>
	<mi:PackageFragmentInstallers>
		<mi:Add installerType="Composite.Core.PackageSystem.PackageFragmentInstallers.ConfigurationTransformationPackageFragmentInstaller, Composite" uninstallerType="Composite.Core.PackageSystem.PackageFragmentInstallers.ConfigurationTransformationPackageFragmentUninstaller, Composite">
			<Install xsltFilePath="~\Composite.config\Install.xsl" />
			<Uninstall xsltFilePath="~\Composite.config\Uninstall.xsl" />
		</mi:Add>
		<mi:Add installerType="Composite.Core.PackageSystem.PackageFragmentInstallers.FilePackageFragmentInstaller, Composite" uninstallerType="Composite.Core.PackageSystem.PackageFragmentInstallers.FilePackageFragmentUninstaller, Composite">
			<Files>
				<File sourceFilename="~\Bin\Orckestra.ExperienceManagement.WsFederation.dll" targetFilename="~\Bin\Orckestra.ExperienceManagement.WsFederation.dll" allowOverwrite="true" />
			</Files>
		</mi:Add>
		<mi:Add installerType="Composite.Core.PackageSystem.PackageFragmentInstallers.FileXslTransformationPackageFragmentInstaller, Composite" uninstallerType="Composite.Core.PackageSystem.PackageFragmentInstallers.FileXslTransformationPackageFragmentUninstaller, Composite">
			<XslFiles>
				<XslFile pathXml="~/Web.config" installXsl="~\Web.config\Install.xsl" uninstallXsl="~\Web.config\Uninstall.xsl" />
			</XslFiles>
		</mi:Add>

    <mi:Add installerType="Composite.Core.PackageSystem.PackageFragmentInstallers.DllPackageFragmentInstaller, Composite" 
            uninstallerType="Composite.Core.PackageSystem.PackageFragmentInstallers.DllPackageFragmentUninstaller, Composite">
      <Files>
        <File
            sourceFilename="~\Bin\System.IdentityModel.dll"
            targetFilename="~\Bin\System.IdentityModel.dll"
            allowOverwrite="true" />
        <File
            sourceFilename="~\Bin\System.IdentityModel.Services.dll"
            targetFilename="~\Bin\System.IdentityModel.Services.dll"
            allowOverwrite="true" />
      </Files>
    </mi:Add>

		<!-- Deleting the default use to avoid user name conflicts -->
		<mi:Add installerType  ="Orckestra.ExperienceManagement.WsFederation.Package.DeleteDefaultUserPackageFragmentInstaller, Orckestra.ExperienceManagement.WsFederation.Package"
						uninstallerType="Orckestra.ExperienceManagement.WsFederation.Package.DeleteDefaultUserPackageFragmentUninstaller, Orckestra.ExperienceManagement.WsFederation.Package">
		</mi:Add>
		
	</mi:PackageFragmentInstallers>
</mi:PackageInstaller>