<?xml version="1.0" standalone="yes"?>
<mi:PackageInstaller xmlns:mi="http://www.composite.net/ns/management/packageinstaller/1.0">
	<mi:PackageRequirements minimumCompositeVersion="6.1.0.0" maximumCompositeVersion="9.9999.9999.9999" />
	<mi:PackageInformation name="Composite.Community.Blog" groupName="Composite.Community" version="2.5.2" author="Orckestra" website="https://c1.orckestra.com/" readMoreUrl="https://docs.c1.orckestra.com/Composite.Community.Blog" id="303b7865-055b-4fe7-a429-907b32bb6776" canBeUninstalled="true" systemLocking="hard" flushOnCompletion="false" reloadConsoleOnCompletion="true">
		<Description>Allows you to set up one or more blogs on a website. Entries can be filtered by month/year or tag, commented on, shared with popular online communities and services. Supports RSS export.</Description>
		<TechnicalDetails>Allows you to set up one or more blogs on a website. Entries can be filtered by month/year or tag, commented on, shared with popular online communities and services. Supports RSS export.</TechnicalDetails>
	</mi:PackageInformation>
	<mi:PackageFragmentInstallerBinaries>
		<mi:Add path="~\Bin\Composite.Community.Blog.dll" />
	</mi:PackageFragmentInstallerBinaries>
	<mi:PackageFragmentInstallers>
		<mi:Add installerType="Composite.Core.PackageSystem.PackageFragmentInstallers.FilePackageFragmentInstaller, Composite" uninstallerType="Composite.Core.PackageSystem.PackageFragmentInstallers.FilePackageFragmentUninstaller, Composite">
			<Files>
				<File sourceFilename="~\App_Data\Composite\TreeDefinitions\Composite.Community.Blog.Entries.xml" targetFilename="~\App_Data\Composite\TreeDefinitions\Composite.Community.Blog.Entries.xml" allowOverwrite="false" />
				<File sourceFilename="~\App_Data\Composite\TreeDefinitions\Composite.Community.Blog.Settings.xml" targetFilename="~\App_Data\Composite\TreeDefinitions\Composite.Community.Blog.Settings.xml" allowOverwrite="false" />
				<File sourceFilename="~\App_Data\Composite\DynamicTypeForms\Composite\Community\Blog\Authors.xml" targetFilename="~\App_Data\Composite\DynamicTypeForms\Composite\Community\Blog\Authors.xml" allowOverwrite="false" />
				<File sourceFilename="~\App_Data\Composite\DynamicTypeForms\Composite\Community\Blog\Entries.xml" targetFilename="~\App_Data\Composite\DynamicTypeForms\Composite\Community\Blog\Entries.xml" allowOverwrite="false" />

				<File sourceFilename="~\BlogRssFeed.ashx" targetFilename="~\BlogRssFeed.ashx" allowOverwrite="false" />
				<File sourceFilename="~\BlogMetaWeblog.ashx" targetFilename="~\BlogMetaWeblog.ashx" allowOverwrite="false" />

				<File sourceFilename="~\Bin\Composite.Community.Blog.dll" targetFilename="~\Bin\Composite.Community.Blog.dll" allowOverwrite="false" />
			</Files>
			<Directories>
				<Directory sourceDirectory="~\App_Data\Razor\Composite\Community\Blog\" targetDirectory="~\App_Data\Razor\Composite\Community\Blog\" allowOverwrite="true" deleteTargetDirectory="false" />
				<Directory sourceDirectory="~\App_GlobalResources\Composite.Community.Blog\" targetDirectory="~\App_GlobalResources\Composite.Community.Blog\" allowOverwrite="true" deleteTargetDirectory="false" />
				<Directory sourceDirectory="~\Composite\InstalledPackages\content\forms\Composite.Community.Blog\" targetDirectory="~\Composite\InstalledPackages\content\forms\Composite.Community.Blog\" allowOverwrite="true" deleteTargetDirectory="false" />
				<Directory sourceDirectory="~\Composite\InstalledPackages\controls\FormsControls\Composite.Community.Blog\" targetDirectory="~\Composite\InstalledPackages\controls\FormsControls\Composite.Community.Blog\" allowOverwrite="true" deleteTargetDirectory="false" />
				<Directory sourceDirectory="~\Frontend\Composite\Community\Blog\" targetDirectory="~\Frontend\Composite\Community\Blog\" allowOverwrite="true" deleteTargetDirectory="false" />
			</Directories>
		</mi:Add>
		<mi:Add installerType="Composite.Core.PackageSystem.PackageFragmentInstallers.DllPackageFragmentInstaller, Composite"
						uninstallerType="Composite.Core.PackageSystem.PackageFragmentInstallers.DllPackageFragmentUninstaller, Composite">
			<Files>
				<File sourceFilename="~\Bin\CookComputing.XmlRpcV2.dll" targetFilename="~\Bin\CookComputing.XmlRpcV2.dll" allowOverwrite="false" />
			</Files>
		</mi:Add>
		<mi:Add installerType="Composite.Core.PackageSystem.PackageFragmentInstallers.DynamicDataTypePackageFragmentInstaller, Composite" uninstallerType="Composite.Core.PackageSystem.PackageFragmentInstallers.DynamicDataTypePackageFragmentUninstaller, Composite">
            <Types>
                <Type providerName="GeneratedDataTypesElementProvider" dataTypeDescriptorFile="~\DataTypeDescriptors\Composite.Community.Blog.TagType.xml" allowOverwrite="false" />
                <Type providerName="GeneratedDataTypesElementProvider" dataTypeDescriptorFile="~\DataTypeDescriptors\Composite.Community.Blog.Tags.xml" allowOverwrite="false" />
                <Type providerName="GeneratedDataTypesElementProvider" dataTypeDescriptorFile="~\DataTypeDescriptors\Composite.Community.Blog.Authors.xml" allowOverwrite="false" />
                <Type providerName="GeneratedDataTypesElementProvider" dataTypeDescriptorFile="~\DataTypeDescriptors\Composite.Community.Blog.Entries.xml" allowOverwrite="false" />
            </Types>
		</mi:Add>
		<mi:Add installerType="Composite.Core.PackageSystem.PackageFragmentInstallers.DataPackageFragmentInstaller, Composite" uninstallerType="Composite.Core.PackageSystem.PackageFragmentInstallers.DataPackageFragmentUninstaller, Composite">
			<Types>
                <Type isDynamicAdded="true" type="Composite.Community.Blog.TagType">
                    <Data dataScopeIdentifier="public" locale="?" dataFilename="~\Datas\Composite.Community.Blog.TagTypes_public.xml" />
                </Type>
				<Type isDynamicAdded="true" type="Composite.Community.Blog.Tags">
					<Data dataScopeIdentifier="public" locale="?" dataFilename="~\Datas\Composite.Community.Blog.Tagss_public.xml" />
				</Type>
				<Type type="Composite.Data.Types.IMethodBasedFunctionInfo,Composite">
					<Data dataScopeIdentifier="public" dataFilename="~\Datas\Composite.Data.Types.IMethodBasedFunctionInfos_public.xml" />
				</Type>
				<Type type="Composite.Data.Types.IPageType,Composite">
					<Data dataScopeIdentifier="public" dataFilename="~\Datas\Composite.Data.Types.IPageTypes_public.xml" />
				</Type>
				<Type isDynamicAdded="true" type="Composite.Community.Blog.Authors">
					<Data dataScopeIdentifier="public" locale="?" dataFilename="~\Datas\Composite.Community.Blog.Authorss_public.xml" />
				</Type>
				<Type type="Composite.Data.Types.IPageTypeDefaultPageContent,Composite">
					<Data dataScopeIdentifier="public" dataFilename="~\Datas\Composite.Data.Types.IPageTypeDefaultPageContents_public.xml" />
				</Type>
				<Type type="Composite.Data.Types.IPageTypeTreeLink,Composite">
					<Data dataScopeIdentifier="public" dataFilename="~\Datas\Composite.Data.Types.IPageTypeTreeLinks_public.xml" />
				</Type>
			</Types>
		</mi:Add>
		<mi:Add installerType="Composite.Core.PackageSystem.PackageFragmentInstallers.FileXslTransformationPackageFragmentInstaller, Composite" uninstallerType="Composite.Core.PackageSystem.PackageFragmentInstallers.FileXslTransformationPackageFragmentUninstaller, Composite">
			<XslFiles>
				<XslFile pathXml="~\Web.config" installXsl="~\Config\Install.xsl" />
				<XslFile pathXml="~\App_Data\Composite\Composite.config" installXsl="~\Composite.Config\Install.xsl" uninstallXsl="~\Composite.Config\Uninstall.xsl" />
			</XslFiles>
		</mi:Add>
	</mi:PackageFragmentInstallers>
</mi:PackageInstaller>