<cms:formdefinition xmlns:cms="http://www.composite.net/ns/management/bindingforms/1.0" xmlns="http://www.composite.net/ns/management/bindingforms/std.ui.controls.lib/1.0" xmlns:f="http://www.composite.net/ns/management/bindingforms/std.function.lib/1.0">
    <cms:bindings>
        <cms:binding name="Id" type="System.Guid" optional="true" />
        <cms:binding name="Title" type="System.String" optional="true" />
        <cms:binding name="Image" type="System.String" optional="true" />
        <cms:binding name="Teaser" type="System.String" optional="true" />
        <cms:binding name="Date" type="System.DateTime" optional="true" />
        <cms:binding name="Author" type="System.Guid" optional="true" />
        <cms:binding name="Tags" type="System.String" optional="true" />
        <cms:binding name="Content" type="System.String" optional="true" />
        <cms:binding name="PageId" type="System.Guid" optional="true" />
        <cms:binding name="DisplayComments" type="System.Boolean" optional="true" />
    </cms:bindings>
    <cms:layout>
        <cms:layout.label>
            <cms:read source="Title" />
        </cms:layout.label>
        <TabPanels>
            <PlaceHolder Label="Settings">
                <FieldGroup Label="Settings">
                    <TextBox Label="Title" Help="The title of the blog entry. Consider a short title for quick reference in lists and feeds.">
                        <TextBox.Text>
                            <cms:bind source="Title" />
                        </TextBox.Text>
                    </TextBox>
                    <DataReferenceTreeSelector Label="Image" Help="The image to illustrate the blog entry (optional)." Handle="Composite.Management.ImageSelectorDialog" SearchToken="Composite.Plugins.Elements.ElementProviders.MediaFileProviderElementProvider.MediaFileSearchToken,Composite|MimeTypes=',\ \'image/gif\',\ \'image/jpeg\',\ \'image/png\',\ \'image/bmp\'', Extensions=null, Folder=null, HideSubfolders='False', Keyword=null" DataType="Composite.Data.Types.IImageFile,Composite" NullValueAllowed="true">
                        <DataReferenceTreeSelector.Selected>
                            <cms:bind source="Image" />
                        </DataReferenceTreeSelector.Selected>
                    </DataReferenceTreeSelector>
                    <TextArea Label="Teaser" Help="The summary or highlights of the blog entry's content. Consider a short description, one or two lines long.">
                        <TextArea.Text>
                            <cms:bind source="Teaser" />
                        </TextArea.Text>
                    </TextArea>
                    <DateTimeSelector Label="Date" Help="The date of the blog entry’s publication.">
                        <DateTimeSelector.Date>
                            <cms:bind source="Date" />
                        </DateTimeSelector.Date>
                    </DateTimeSelector>
                    <KeySelector Label="Author" Help="The name of the blog entry's author." OptionsKeyField="Key" OptionsLabelField="Label" Required="true">
                        <KeySelector.Selected>
                            <cms:bind source="Author" />
                        </KeySelector.Selected>
                        <KeySelector.Options>
                            <f:StaticMethodCall Type="&lt;t n=&quot;Composite.Plugins.Functions.WidgetFunctionProviders.StandardWidgetFunctionProvider.DataReference.DataReferenceSelectorWidgetFunction`1, Composite, Version=2.1.4091.27373, Culture=neutral, PublicKeyToken=null&quot;&gt;&#xD;&#xA;  &lt;t n=&quot;DynamicType:Composite.Community.Blog.Authors&quot; /&gt;&#xD;&#xA;&lt;/t&gt;" Method="GetOptions" Parameters="DynamicType:Composite.Community.Blog.Authors" />
                        </KeySelector.Options>
                    </KeySelector>
                    <CheckBox Label="Display comments" Help="If this option is selected, the comments to blog entries will be displayed.">
                        <CheckBox.Checked>
                            <cms:bind source="DisplayComments" />
                        </CheckBox.Checked>
                    </CheckBox>
                </FieldGroup>
                <FieldGroup Label="Tags">
                    <BlogTagMultiSelector Help="A key word or term assigned to the blog entry to classify its content and help in search and filtering. If necessary, select one or more tags that best describe the item.">
                        <BlogTagMultiSelector.SelectedAsString>
                            <cms:bind source="Tags" />
                        </BlogTagMultiSelector.SelectedAsString>
                    </BlogTagMultiSelector>
                </FieldGroup>
            </PlaceHolder>
            <XhtmlEditor Label="Content" Help="The content of the blog entry." ClassConfigurationName="common">
                <XhtmlEditor.Xhtml>
                    <cms:bind source="Content" />
                </XhtmlEditor.Xhtml>
            </XhtmlEditor>
        </TabPanels>
    </cms:layout>
</cms:formdefinition>