<?xml version="1.0" standalone="yes"?>
<mi:PackageInstaller xmlns:mi="http://www.composite.net/ns/management/packageinstaller/1.0">
	<mi:PackageRequirements minimumCompositeVersion="5.2.0.0" maximumCompositeVersion="9.9999.9999.9999" />
	<mi:PackageInformation name="Orckestra.Versioning.VersionPublication" groupName="Composite.Versioning" version="1.0.0" author="Orckestra Inc." website="-" readMoreUrl="-" id="0e4a0646-f69a-4911-8d11-bfdbcca78092" canBeUninstalled="true" systemLocking="hard" flushOnCompletion="true">
		<TechnicalDetails>-</TechnicalDetails>
		<Description>-</Description>
	</mi:PackageInformation>
	<mi:PackageFragmentInstallerBinaries>
		<mi:Add path="~\Bin\Orckestra.Versioning.VersionPublication.dll" />
	</mi:PackageFragmentInstallerBinaries>
	<mi:PackageFragmentInstallers>
		<mi:Add installerType="Composite.Core.PackageSystem.PackageFragmentInstallers.FilePackageFragmentInstaller, Composite" uninstallerType="Composite.Core.PackageSystem.PackageFragmentInstallers.FilePackageFragmentUninstaller, Composite">
			<Files>
				<File sourceFilename="~\Bin\Orckestra.Versioning.VersionPublication.dll" targetFilename="~\bin\Orckestra.Versioning.VersionPublication.dll" allowOverwrite="true" />
				<File sourceFilename="~\Composite\InstalledPackages\localization\Orckestra.Versioning.VersionPublication.en-US.xml" targetFilename="~\Composite\InstalledPackages\localization\Orckestra.Versioning.VersionPublication.en-US.xml" allowOverwrite="true" />
				<File sourceFilename="~\Composite\InstalledPackages\localization\Orckestra.Versioning.VersionPublication.fr-FR.xml" targetFilename="~\Composite\InstalledPackages\localization\Orckestra.Versioning.VersionPublication.fr-FR.xml" allowOverwrite="true" />
			</Files>
			<Directories>
				<Directory sourceDirectory="~\Composite\InstalledPackages\content\forms\Orckestra.Versioning.VersionPublication\" targetDirectory="~\Composite\InstalledPackages\content\forms\Orckestra.Versioning.VersionPublication\" allowOverwrite="true" deleteTargetDirectory="false" />
				<Directory sourceDirectory="~\Composite\InstalledPackages\controls\FormsControls\Orckestra.Versioning.VersionPublication\" targetDirectory="~\Composite\InstalledPackages\controls\FormsControls\Orckestra.Versioning.VersionPublication\" allowOverwrite="true" deleteTargetDirectory="false" />
        <Directory sourceDirectory="~\Composite\InstalledPackages\content\views\Orckestra.Versioning.VersionPublication\" targetDirectory="~\Composite\InstalledPackages\content\views\Orckestra.Versioning.VersionPublication\" allowOverwrite="true" deleteTargetDirectory="false" />
			</Directories>
		</mi:Add>
		
		<mi:Add installerType="Composite.Core.PackageSystem.PackageFragmentInstallers.ConfigurationTransformationPackageFragmentInstaller, Composite" uninstallerType="Composite.Core.PackageSystem.PackageFragmentInstallers.ConfigurationTransformationPackageFragmentUninstaller, Composite">
			<Install xsltFilePath="~\Composite.config\Install.xsl" />
			<Uninstall xsltFilePath="~\Composite.config\Uninstall.xsl" />
		</mi:Add>
		
		<mi:Add installerType="Composite.Core.PackageSystem.PackageFragmentInstallers.FileXslTransformationPackageFragmentInstaller, Composite" uninstallerType="Composite.Core.PackageSystem.PackageFragmentInstallers.FileXslTransformationPackageFragmentUninstaller, Composite">
			<XslFiles>
				<XslFile pathXml="~/Web.config" installXsl="~\Web.config\Install.xsl" uninstallXsl="~\Web.config\Uninstall.xsl" />
			</XslFiles>
		</mi:Add>
	</mi:PackageFragmentInstallers>
</mi:PackageInstaller>